scenario,shard_id,slice_id,epoch,train_loss,val_loss
s1_random_1_percent,1,1,1,0.656012027036576,0.6444304456093778
s1_random_1_percent,1,1,2,0.6384382957503909,0.6248959025137742
s1_random_1_percent,1,1,3,0.6181741300083342,0.6006590642142811
s1_random_1_percent,1,1,4,0.5929351051648458,0.5701132543810137
s1_random_1_percent,1,2,1,0.5633528069220073,0.5357958526192159
s1_random_1_percent,1,2,2,0.5315038447078758,0.4985475678229768
s1_random_1_percent,1,2,3,0.4950351415312877,0.4609716531278786
s1_random_1_percent,1,2,4,0.45622799457389585,0.4248725367135895
s1_random_1_percent,1,3,1,0.4202266614112628,0.3937134373360503
s1_random_1_percent,1,3,2,0.3926585662294422,0.3702585286141223
s1_random_1_percent,1,3,3,0.3728243728008496,0.3528296213526886
s1_random_1_percent,1,3,4,0.3609879850988557,0.34042490229169237
s1_random_1_percent,1,4,1,0.36110631489895323,0.3333476001273209
s1_random_1_percent,1,4,2,0.3505089981917018,0.3307030976241708
s1_random_1_percent,1,4,3,0.3464720462903148,0.32649661512313694
s1_random_1_percent,1,4,4,0.3357084158755446,0.32327092956591913
s1_random_1_percent,1,5,1,0.32734354862460385,0.32205811725462063
s1_random_1_percent,1,5,2,0.3256199674253111,0.3208939210983889
s1_random_1_percent,1,5,3,0.32171817232061317,0.3191211957961459
s1_random_1_percent,1,5,4,0.3174824661678738,0.3168245298417253
s1_random_1_percent,2,1,1,0.7377887115387222,0.7168097675025642
s1_random_1_percent,2,1,2,0.7076111856370682,0.6891857362040854
s1_random_1_percent,2,1,3,0.6801390055353055,0.6589182936979258
s1_random_1_percent,2,1,4,0.6476816901928898,0.6186624909892227
s1_random_1_percent,2,2,1,0.6077830352049064,0.5729908739612495
s1_random_1_percent,2,2,2,0.5629907730859267,0.5258188138169537
s1_random_1_percent,2,2,3,0.5202641816689825,0.4807670051092142
s1_random_1_percent,2,2,4,0.47432617665572485,0.4405021720202022
s1_random_1_percent,2,3,1,0.4336188842948079,0.40799791443357697
s1_random_1_percent,2,3,2,0.402315554938601,0.3824867096195903
s1_random_1_percent,2,3,3,0.3777285598399627,0.3632102893198119
s1_random_1_percent,2,3,4,0.36301792755053164,0.35006374745560315
s1_random_1_percent,2,4,1,0.3689595022622277,0.3440329242836345
s1_random_1_percent,2,4,2,0.36307693614679226,0.33779114878571426
s1_random_1_percent,2,4,3,0.3540572976364809,0.33295446653819105
s1_random_1_percent,2,4,4,0.3507650484057034,0.3310192909814802
s1_random_1_percent,2,5,1,0.32045497961298247,0.3305158767337653
s1_random_1_percent,2,5,2,0.3206499774427809,0.32838161557774515
s1_random_1_percent,2,5,3,0.31350861692569665,0.3257623243911195
s1_random_1_percent,2,5,4,0.3128915956387153,0.32609882023273973
s1_random_1_percent,3,1,1,0.6978157352837713,0.6841708290065991
s1_random_1_percent,3,1,2,0.6765841204271359,0.6620006255038671
s1_random_1_percent,3,1,3,0.6528461514758923,0.6365740920655752
s1_random_1_percent,3,1,4,0.6257010891131143,0.6045669934771083
s1_random_1_percent,3,2,1,0.5855000663543205,0.5682668641327575
s1_random_1_percent,3,2,2,0.5459421932961424,0.5295101468952959
s1_random_1_percent,3,2,3,0.506708227285078,0.4929030697315793
s1_random_1_percent,3,2,4,0.47011454084247045,0.46156775642215897
s1_random_1_percent,3,3,1,0.47124681983113026,0.43354849666641804
s1_random_1_percent,3,3,2,0.441394903755153,0.40772909999967694
s1_random_1_percent,3,3,3,0.42147869096900814,0.3857129336851658
s1_random_1_percent,3,3,4,0.39955020355373644,0.3672868917947124
s1_random_1_percent,3,4,1,0.3809348485230343,0.3526326882653701
s1_random_1_percent,3,4,2,0.3588990223548613,0.342140886071208
s1_random_1_percent,3,4,3,0.3569535579163708,0.3356822728215753
s1_random_1_percent,3,4,4,0.34979519358061617,0.33245286103027816
s1_random_1_percent,3,5,1,0.3526435606926128,0.3290310816510336
s1_random_1_percent,3,5,2,0.34079293226154533,0.3270505856058489
s1_random_1_percent,3,5,3,0.3461242057851824,0.3236465520084864
s1_random_1_percent,3,5,4,0.3339225920061991,0.32126274600791827
s1_random_1_percent,4,1,1,0.6834687854336426,0.6722061692968666
s1_random_1_percent,4,1,2,0.667008340710384,0.6554829727064024
s1_random_1_percent,4,1,3,0.6487289415699894,0.6330956879483525
s1_random_1_percent,4,1,4,0.6247996102392146,0.5996126062616832
s1_random_1_percent,4,2,1,0.5848874478719651,0.5586301170344434
s1_random_1_percent,4,2,2,0.5427529129721965,0.5132392916463289
s1_random_1_percent,4,2,3,0.49597413085714015,0.46822448294897595
s1_random_1_percent,4,2,4,0.4551281495707476,0.4288269188148286
s1_random_1_percent,4,3,1,0.4203798907810335,0.39952742164980476
s1_random_1_percent,4,3,2,0.39789861872065896,0.37741047435206465
s1_random_1_percent,4,3,3,0.3788518285381565,0.360751385770793
s1_random_1_percent,4,3,4,0.3627850546266339,0.3488239079282611
s1_random_1_percent,4,4,1,0.35111719029921074,0.33953054498656343
s1_random_1_percent,4,4,2,0.34677573058340283,0.33448038845969585
s1_random_1_percent,4,4,3,0.3350400967509658,0.33127129465186983
s1_random_1_percent,4,4,4,0.3345303285121918,0.3273440230227936
s1_random_1_percent,4,5,1,0.3544905325945686,0.32855721811860306
s1_random_1_percent,4,5,2,0.3473936754114488,0.3267337278674738
s1_random_1_percent,4,5,3,0.3465173998299767,0.3228074080414242
s1_random_1_percent,4,5,4,0.3406115710735321,0.3209915560775203
s1_random_1_percent,5,1,1,0.6835043676511876,0.6657705846751872
s1_random_1_percent,5,1,2,0.6575206254783337,0.6406339739894008
s1_random_1_percent,5,1,3,0.6309447950737993,0.6119861251957066
s1_random_1_percent,5,1,4,0.6000479967571205,0.5763989200267902
s1_random_1_percent,5,2,1,0.5730954542272562,0.5371575543960522
s1_random_1_percent,5,2,2,0.5349592133960893,0.4965253534324827
s1_random_1_percent,5,2,3,0.49569091060168624,0.4569331749260767
s1_random_1_percent,5,2,4,0.456539309569868,0.4209887697304203
s1_random_1_percent,5,3,1,0.42072081557052704,0.3919249465971282
s1_random_1_percent,5,3,2,0.39832020021611864,0.3696840668909217
s1_random_1_percent,5,3,3,0.3751035183888242,0.3534003425549198
s1_random_1_percent,5,3,4,0.36454233117786783,0.34177035848332205
s1_random_1_percent,5,4,1,0.33713377776667147,0.3333572077028679
s1_random_1_percent,5,4,2,0.32983823417736824,0.32847470178520816
s1_random_1_percent,5,4,3,0.3168212976114084,0.3257621019517272
s1_random_1_percent,5,4,4,0.3108162845607346,0.32431356834642816
s1_random_1_percent,5,5,1,0.33067180082456393,0.3217563198997842
s1_random_1_percent,5,5,2,0.32937773099720874,0.32047859200388557
s1_random_1_percent,5,5,3,0.31945109741282446,0.3197168502412531
s1_random_1_percent,5,5,4,0.32008775590788285,0.3191737228164964
s2_random_5_percent,1,1,1,0.6571214096045789,0.6446793139908374
s2_random_5_percent,1,1,2,0.6397757603798384,0.6261601096907503
s2_random_5_percent,1,1,3,0.6227382002053438,0.6039616495346457
s2_random_5_percent,1,1,4,0.600620119659989,0.5760966311248312
s2_random_5_percent,1,2,1,0.5695839781820038,0.5421573413450016
s2_random_5_percent,1,2,2,0.5372930319956791,0.5060209304932327
s2_random_5_percent,1,2,3,0.5014410489871178,0.46899965623510104
s2_random_5_percent,1,2,4,0.4651341570748223,0.43472234757096917
s2_random_5_percent,1,3,1,0.43322002639946705,0.4035658157330668
s2_random_5_percent,1,3,2,0.40227246328075633,0.3804711681179684
s2_random_5_percent,1,3,3,0.38488103418372244,0.36354118050234974
s2_random_5_percent,1,3,4,0.3709744596086712,0.35196591631786245
s2_random_5_percent,1,4,1,0.3643404888430583,0.3411190631429973
s2_random_5_percent,1,4,2,0.35172414291062465,0.33622337885479636
s2_random_5_percent,1,4,3,0.3416654528715672,0.33507428510476095
s2_random_5_percent,1,4,4,0.3386104732126623,0.33241177404183947
s2_random_5_percent,1,5,1,0.3400830797868293,0.32419922903135373
s2_random_5_percent,1,5,2,0.3339449057586382,0.3217553287345856
s2_random_5_percent,1,5,3,0.3242461264729959,0.32393616655144314
s2_random_5_percent,1,5,4,0.32987179306032477,0.32586658473650093
s2_random_5_percent,2,1,1,0.7387859532761075,0.7169718303512492
s2_random_5_percent,2,1,2,0.7082820583645638,0.6900575873697516
s2_random_5_percent,2,1,3,0.6831773543985752,0.6616875465502675
s2_random_5_percent,2,1,4,0.6513064305141487,0.6249280607410704
s2_random_5_percent,2,2,1,0.6106198026759414,0.5801878647338228
s2_random_5_percent,2,2,2,0.5691842061806456,0.5346568966705942
s2_random_5_percent,2,2,3,0.5278527621565194,0.4902994847349739
s2_random_5_percent,2,2,4,0.4824892480711371,0.44976706769080427
s2_random_5_percent,2,3,1,0.44076702867367473,0.4156521332823706
s2_random_5_percent,2,3,2,0.4098035762014315,0.3966598357215072
s2_random_5_percent,2,3,3,0.3993144634620164,0.3821074964405896
s2_random_5_percent,2,3,4,0.3812181554099386,0.3665221517785078
s2_random_5_percent,2,4,1,0.38141667806353724,0.3512663460806228
s2_random_5_percent,2,4,2,0.36692920057915984,0.34316642935927566
s2_random_5_percent,2,4,3,0.36056159886247713,0.33766234542644646
s2_random_5_percent,2,4,4,0.3535300662561361,0.33306377846264557
s2_random_5_percent,2,5,1,0.33015308115217423,0.3334257795271768
s2_random_5_percent,2,5,2,0.3247757035273093,0.33236112100421294
s2_random_5_percent,2,5,3,0.3176900497925134,0.3280794619700312
s2_random_5_percent,2,5,4,0.31739832148139857,0.3268745044216314
s2_random_5_percent,3,1,1,0.6987262729470056,0.6842995355632375
s2_random_5_percent,3,1,2,0.676464887884737,0.6626693992187767
s2_random_5_percent,3,1,3,0.6542610200306841,0.6377908290002049
s2_random_5_percent,3,1,4,0.6265551539777799,0.6063677830153269
s2_random_5_percent,3,2,1,0.585877427085375,0.5708528624966013
s2_random_5_percent,3,2,2,0.5509045396879212,0.534630995661777
s2_random_5_percent,3,2,3,0.5146295053971721,0.5008188462016558
s2_random_5_percent,3,2,4,0.4782918392466546,0.4718993476203254
s2_random_5_percent,3,3,1,0.47945169613911554,0.44523226048104786
s2_random_5_percent,3,3,2,0.45522559688641473,0.42405093962658696
s2_random_5_percent,3,3,3,0.4396195230117211,0.4038281914740679
s2_random_5_percent,3,3,4,0.42103024556086616,0.38491258656526245
s2_random_5_percent,3,4,1,0.3950495427371534,0.36632431221405337
s2_random_5_percent,3,4,2,0.3728511000703449,0.354187293364121
s2_random_5_percent,3,4,3,0.36875137869565766,0.344668258409698
s2_random_5_percent,3,4,4,0.35089856898126426,0.33855440652894414
s2_random_5_percent,3,5,1,0.3555906694541136,0.3345134956586761
s2_random_5_percent,3,5,2,0.35488218064459603,0.33054015813321647
s2_random_5_percent,3,5,3,0.34703274275516005,0.3283001191541858
s2_random_5_percent,3,5,4,0.34344581150436104,0.32618982406089514
s2_random_5_percent,4,1,1,0.6839703405426502,0.6721406402302804
s2_random_5_percent,4,1,2,0.6671369298317508,0.6559245197004286
s2_random_5_percent,4,1,3,0.6498179078744503,0.6349415387770142
s2_random_5_percent,4,1,4,0.6260158837162778,0.603893104778949
s2_random_5_percent,4,2,1,0.5920010805130005,0.5710100685511982
s2_random_5_percent,4,2,2,0.5563663959503173,0.5336253393747558
s2_random_5_percent,4,2,3,0.5201948881149292,0.4942850933076904
s2_random_5_percent,4,2,4,0.47972792387008667,0.45679107550841813
s2_random_5_percent,4,3,1,0.4460888877339484,0.42120313744482496
s2_random_5_percent,4,3,2,0.41273130493628823,0.39645249336559263
s2_random_5_percent,4,3,3,0.3960751718451953,0.37818122106987434
s2_random_5_percent,4,3,4,0.3728981338732991,0.36180922577786634
s2_random_5_percent,4,4,1,0.3633720598050526,0.34747576075696307
s2_random_5_percent,4,4,2,0.3528337517589059,0.34052302137346757
s2_random_5_percent,4,4,3,0.34396444473947796,0.33506191400859386
s2_random_5_percent,4,4,4,0.33996945470118595,0.33112062557356103
s2_random_5_percent,4,5,1,0.36055778540452077,0.33049079141198956
s2_random_5_percent,4,5,2,0.35693897654689627,0.32723098999810224
s2_random_5_percent,4,5,3,0.3496117235565849,0.32471995725678576
s2_random_5_percent,4,5,4,0.3493049156260454,0.3230930642534272
s2_random_5_percent,5,1,1,0.6838864453731139,0.6657121902504092
s2_random_5_percent,5,1,2,0.6575470464361226,0.6411583581290998
s2_random_5_percent,5,1,3,0.6317535657092838,0.6138910607272343
s2_random_5_percent,5,1,4,0.6053180928610585,0.5811566940396659
s2_random_5_percent,5,2,1,0.5772135149515593,0.5425939110338834
s2_random_5_percent,5,2,2,0.5394791896526631,0.5032217748790629
s2_random_5_percent,5,2,3,0.5026850720552297,0.4650327524558267
s2_random_5_percent,5,2,4,0.4692186255638416,0.4303865407517527
s2_random_5_percent,5,3,1,0.42837086434021115,0.40026145574664473
s2_random_5_percent,5,3,2,0.39853334988240624,0.3788799405211866
s2_random_5_percent,5,3,3,0.3817258930863502,0.36015981296649435
s2_random_5_percent,5,3,4,0.36778662535169404,0.346999852303563
s2_random_5_percent,5,4,1,0.34153088052884406,0.3366895326736876
s2_random_5_percent,5,4,2,0.32752575637191855,0.3307897168985326
s2_random_5_percent,5,4,3,0.31933268904685974,0.3288969448801926
s2_random_5_percent,5,4,4,0.3144664430215428,0.3303504565147438
s2_random_5_percent,5,5,1,0.3311436857985354,0.32525124619510243
s2_random_5_percent,5,5,2,0.320716658405874,0.323747995802525
s2_random_5_percent,5,5,3,0.3177671826890602,0.32230173054204886
s2_random_5_percent,5,5,4,0.31182946295573793,0.32113036540991097
s3_simulated_data_provider_withdrawal,1,1,1,0.6565901725108807,0.6446066751461877
s3_simulated_data_provider_withdrawal,1,1,2,0.6390698599815369,0.625835174733812
s3_simulated_data_provider_withdrawal,1,1,3,0.6206855368614197,0.6034691741223742
s3_simulated_data_provider_withdrawal,1,1,4,0.5967347911687998,0.5755663966826653
s3_simulated_data_provider_withdrawal,1,2,1,0.568347934316815,0.5419754151304725
s3_simulated_data_provider_withdrawal,1,2,2,0.5397772960353303,0.5068726423347774
s3_simulated_data_provider_withdrawal,1,2,3,0.5042267939222651,0.4710036677690012
s3_simulated_data_provider_withdrawal,1,2,4,0.46849435282269436,0.43706606484292604
s3_simulated_data_provider_withdrawal,1,3,1,0.43216325343800543,0.40474568302111325
s3_simulated_data_provider_withdrawal,1,3,2,0.40225954978031714,0.37974738052006535
s3_simulated_data_provider_withdrawal,1,3,3,0.3779445644711458,0.3623514906601147
s3_simulated_data_provider_withdrawal,1,3,4,0.359697596647481,0.3499363237087303
s3_simulated_data_provider_withdrawal,1,4,1,0.3645306656650843,0.3393223865856214
s3_simulated_data_provider_withdrawal,1,4,2,0.3563315784802606,0.33251363741970763
s3_simulated_data_provider_withdrawal,1,4,3,0.34704045655180016,0.32892415680066506
s3_simulated_data_provider_withdrawal,1,4,4,0.3391316304175622,0.32705306342121293
s3_simulated_data_provider_withdrawal,1,5,1,0.3315463536274359,0.3228930796133245
s3_simulated_data_provider_withdrawal,1,5,2,0.32660186355528625,0.32200394198603555
s3_simulated_data_provider_withdrawal,1,5,3,0.3205432551247733,0.32071211004140043
s3_simulated_data_provider_withdrawal,1,5,4,0.3186399298054831,0.31703695278983934
s3_simulated_data_provider_withdrawal,2,1,1,0.7390980319467886,0.716672312406253
s3_simulated_data_provider_withdrawal,2,1,2,0.708181724747483,0.6891292586471095
s3_simulated_data_provider_withdrawal,2,1,3,0.6816702993083904,0.6594495430137172
s3_simulated_data_provider_withdrawal,2,1,4,0.6500540126780623,0.6212950181088875
s3_simulated_data_provider_withdrawal,2,2,1,0.6096905287909526,0.5767991478215987
s3_simulated_data_provider_withdrawal,2,2,2,0.5675314574767373,0.5316316720211145
s3_simulated_data_provider_withdrawal,2,2,3,0.5214319754860083,0.4881019895678168
s3_simulated_data_provider_withdrawal,2,2,4,0.48612745523268935,0.4498189753630823
s3_simulated_data_provider_withdrawal,2,3,1,0.4413963943424341,0.4173775395180663
s3_simulated_data_provider_withdrawal,2,3,2,0.4101507732606316,0.3924787337585385
s3_simulated_data_provider_withdrawal,2,3,3,0.3877344369706446,0.37225892102493796
s3_simulated_data_provider_withdrawal,2,3,4,0.36733675982823,0.3571708213427078
s3_simulated_data_provider_withdrawal,2,4,1,0.3773949161859659,0.34748184056904285
s3_simulated_data_provider_withdrawal,2,4,2,0.3635896171973302,0.34301861123963195
s3_simulated_data_provider_withdrawal,2,4,3,0.36512102558062626,0.3369426841443593
s3_simulated_data_provider_withdrawal,2,4,4,0.3561951401600471,0.3324364455970558
s3_simulated_data_provider_withdrawal,2,5,1,0.32052497745667446,0.3328273896714751
s3_simulated_data_provider_withdrawal,2,5,2,0.322421923925633,0.3335436885226076
s3_simulated_data_provider_withdrawal,2,5,3,0.31506217485610916,0.329794644292443
s3_simulated_data_provider_withdrawal,2,5,4,0.3212200082123464,0.32804940113304026
s3_simulated_data_provider_withdrawal,3,1,1,0.6992705238276514,0.6841640479571827
s3_simulated_data_provider_withdrawal,3,1,2,0.6762742756883761,0.6619997589014737
s3_simulated_data_provider_withdrawal,3,1,3,0.6523375702543733,0.6365779132228584
s3_simulated_data_provider_withdrawal,3,1,4,0.624361531761871,0.605185812690562
s3_simulated_data_provider_withdrawal,3,2,1,0.5881252912683348,0.5692217825150965
s3_simulated_data_provider_withdrawal,3,2,2,0.5448077025993598,0.5317531543743926
s3_simulated_data_provider_withdrawal,3,2,3,0.5088615433897968,0.49664316645516027
s3_simulated_data_provider_withdrawal,3,2,4,0.47064540230233703,0.466742718476856
s3_simulated_data_provider_withdrawal,3,3,1,0.4702048713778272,0.43888409932454425
s3_simulated_data_provider_withdrawal,3,3,2,0.45310073649441757,0.4176478491856562
s3_simulated_data_provider_withdrawal,3,3,3,0.4314564687234384,0.3972487447530625
s3_simulated_data_provider_withdrawal,3,3,4,0.41446039926858597,0.38075537535781717
s3_simulated_data_provider_withdrawal,3,4,1,0.3937013469258761,0.36202747260258233
s3_simulated_data_provider_withdrawal,3,4,2,0.3757263521353404,0.3503159138305637
s3_simulated_data_provider_withdrawal,3,4,3,0.36217427702360255,0.3422040569141137
s3_simulated_data_provider_withdrawal,3,4,4,0.3477007080149907,0.33584366685505157
s3_simulated_data_provider_withdrawal,3,5,1,0.3579623245674631,0.3323880957753288
s3_simulated_data_provider_withdrawal,3,5,2,0.3551179055841813,0.3310022049838
s3_simulated_data_provider_withdrawal,3,5,3,0.34958742605233045,0.3267261002628718
s3_simulated_data_provider_withdrawal,3,5,4,0.3419761163477572,0.3268853821879425
s3_simulated_data_provider_withdrawal,4,1,1,0.684166607925752,0.6723156359037544
s3_simulated_data_provider_withdrawal,4,1,2,0.6669940475462415,0.6560960367439941
s3_simulated_data_provider_withdrawal,4,1,3,0.6491234857711008,0.6343570399115133
s3_simulated_data_provider_withdrawal,4,1,4,0.6251054820629448,0.6017701409079812
s3_simulated_data_provider_withdrawal,4,2,1,0.5867946905232135,0.5613748962977464
s3_simulated_data_provider_withdrawal,4,2,2,0.5472727578754704,0.5176432200087376
s3_simulated_data_provider_withdrawal,4,2,3,0.5017517908411151,0.47395480202255175
s3_simulated_data_provider_withdrawal,4,2,4,0.46351362087926345,0.43683820775776916
s3_simulated_data_provider_withdrawal,4,3,1,0.42643114600941434,0.404917839085701
s3_simulated_data_provider_withdrawal,4,3,2,0.4011232918551374,0.3812772301240531
s3_simulated_data_provider_withdrawal,4,3,3,0.37568061697290345,0.3647418316436406
s3_simulated_data_provider_withdrawal,4,3,4,0.36263579176057753,0.35275691104104473
s3_simulated_data_provider_withdrawal,4,4,1,0.3550918743807073,0.34213930258586894
s3_simulated_data_provider_withdrawal,4,4,2,0.35039960046685836,0.3360605018242376
s3_simulated_data_provider_withdrawal,4,4,3,0.33686931710474843,0.3319930488168949
s3_simulated_data_provider_withdrawal,4,4,4,0.3277442502855979,0.3289779289283617
s3_simulated_data_provider_withdrawal,4,5,1,0.34854203067685496,0.3265748613198989
s3_simulated_data_provider_withdrawal,4,5,2,0.3460365008499663,0.32828424334395884
s3_simulated_data_provider_withdrawal,4,5,3,0.345363061398681,0.3252927290914881
s3_simulated_data_provider_withdrawal,4,5,4,0.3407489427570569,0.32444633310393756
s3_simulated_data_provider_withdrawal,5,1,1,0.6845419166996014,0.6661108295318048
s3_simulated_data_provider_withdrawal,5,1,2,0.6598723923827842,0.6425111931983871
s3_simulated_data_provider_withdrawal,5,1,3,0.6350169045268198,0.6166719963828495
s3_simulated_data_provider_withdrawal,5,1,4,0.6090686690327552,0.586089725381131
s3_simulated_data_provider_withdrawal,5,2,1,0.5806680103627647,0.5486477615401747
s3_simulated_data_provider_withdrawal,5,2,2,0.5468956166651191,0.5109531906273987
s3_simulated_data_provider_withdrawal,5,2,3,0.5105314807194036,0.47406594049660455
s3_simulated_data_provider_withdrawal,5,2,4,0.47831917099836396,0.4404344272733939
s3_simulated_data_provider_withdrawal,5,3,1,0.44133531724835473,0.4109048723214447
s3_simulated_data_provider_withdrawal,5,3,2,0.4165684562838612,0.3888580390754828
s3_simulated_data_provider_withdrawal,5,3,3,0.39637219827547326,0.36982645080970217
s3_simulated_data_provider_withdrawal,5,3,4,0.38272437448663726,0.3554006112409426
s3_simulated_data_provider_withdrawal,5,4,1,0.3463417064142591,0.3437894408799832
s3_simulated_data_provider_withdrawal,5,4,2,0.3310985443246274,0.3342866497045653
s3_simulated_data_provider_withdrawal,5,4,3,0.3271083463239306,0.32901857227469417
s3_simulated_data_provider_withdrawal,5,4,4,0.3170206049471411,0.3274260991230839
s3_simulated_data_provider_withdrawal,5,5,1,0.31993701589720486,0.32415136504524755
s3_simulated_data_provider_withdrawal,5,5,2,0.325579360116013,0.3227991159418519
s3_simulated_data_provider_withdrawal,5,5,3,0.3172511084209656,0.3214055866190165
s3_simulated_data_provider_withdrawal,5,5,4,0.3224428669933347,0.3206184692324884
s4_random_10_percent,1,1,1,0.6578424282563038,0.6472485205888292
s4_random_10_percent,1,1,2,0.642997295428545,0.631369366367235
s4_random_10_percent,1,1,3,0.6275876531234155,0.6125654663800086
s4_random_10_percent,1,1,4,0.6088604957629473,0.5896047686183189
s4_random_10_percent,1,2,1,0.5847412075466153,0.5625226126483903
s4_random_10_percent,1,2,2,0.5568657566903581,0.5320341730749155
s4_random_10_percent,1,2,3,0.5271772075141273,0.498979927468033
s4_random_10_percent,1,2,4,0.4933774296215328,0.46462508972603017
s4_random_10_percent,1,3,1,0.4621919436114175,0.4328088538831549
s4_random_10_percent,1,3,2,0.43472776668412344,0.40479177732855576
s4_random_10_percent,1,3,3,0.4090456741970855,0.38089714727537116
s4_random_10_percent,1,3,4,0.3875533090783404,0.3622160269007994
s4_random_10_percent,1,4,1,0.3743286439516012,0.3520463619227622
s4_random_10_percent,1,4,2,0.3575965424571608,0.3433028970492397
s4_random_10_percent,1,4,3,0.3441662032241574,0.33511498624953684
s4_random_10_percent,1,4,4,0.3334442370339119,0.32952511094972275
s4_random_10_percent,1,5,1,0.3413703184820366,0.32544739529339956
s4_random_10_percent,1,5,2,0.3306364426290824,0.32356941204496725
s4_random_10_percent,1,5,3,0.3284059834489985,0.3214264987532376
s4_random_10_percent,1,5,4,0.3225741652670287,0.32024163617939366
s4_random_10_percent,2,1,1,0.7389342795439581,0.7213940751575363
s4_random_10_percent,2,1,2,0.714513110557808,0.6972280071467089
s4_random_10_percent,2,1,3,0.6901561948988173,0.6734232608653014
s4_random_10_percent,2,1,4,0.6638269104819366,0.6440824283591522
s4_random_10_percent,2,2,1,0.6326214000820732,0.6093043652415243
s4_random_10_percent,2,2,2,0.5989702027826644,0.5707293283636701
s4_random_10_percent,2,2,3,0.5619131802750853,0.5304148081316832
s4_random_10_percent,2,2,4,0.5227345026339205,0.49081617967209595
s4_random_10_percent,2,3,1,0.47420561815156903,0.4555601446624665
s4_random_10_percent,2,3,2,0.441535977773296,0.4256346376580747
s4_random_10_percent,2,3,3,0.4148315775741651,0.40054199258193535
s4_random_10_percent,2,3,4,0.39366166742102615,0.37976772523857094
s4_random_10_percent,2,4,1,0.3893301548745468,0.36211427284692954
s4_random_10_percent,2,4,2,0.37136584657889143,0.35065388239344514
s4_random_10_percent,2,4,3,0.3643863366683002,0.3430105186602212
s4_random_10_percent,2,4,4,0.35714533401404314,0.3366915089345974
s4_random_10_percent,2,5,1,0.32461475710558696,0.3359767191646986
s4_random_10_percent,2,5,2,0.3266408345563625,0.331537220530454
s4_random_10_percent,2,5,3,0.32031784803886726,0.3300220599891773
s4_random_10_percent,2,5,4,0.31715172451686086,0.32894714917441453
s4_random_10_percent,3,1,1,0.7000421736678298,0.6877277434409201
s4_random_10_percent,3,1,2,0.680368452266771,0.6694927486831818
s4_random_10_percent,3,1,3,0.6615281015999463,0.6493889793749555
s4_random_10_percent,3,1,4,0.6389604764081994,0.6255271380435174
s4_random_10_percent,3,2,1,0.6088641998634214,0.5982333630152553
s4_random_10_percent,3,2,2,0.5780709772745252,0.5681721441998951
s4_random_10_percent,3,2,3,0.5418935600187021,0.536178004650545
s4_random_10_percent,3,2,4,0.5095120339883623,0.5048687817325951
s4_random_10_percent,3,3,1,0.5049650181423534,0.47547950614940393
s4_random_10_percent,3,3,2,0.48236058052484093,0.45031988688287206
s4_random_10_percent,3,3,3,0.45465356459865325,0.42673523902665256
s4_random_10_percent,3,3,4,0.4338690286332911,0.404763459239929
s4_random_10_percent,3,4,1,0.42000709054539503,0.3844941479242665
s4_random_10_percent,3,4,2,0.39614113133316287,0.36773461057877493
s4_random_10_percent,3,4,3,0.3826414806750214,0.35494481961550756
s4_random_10_percent,3,4,4,0.363349341748216,0.3447872179715711
s4_random_10_percent,3,5,1,0.3685662947710868,0.3400710638823029
s4_random_10_percent,3,5,2,0.35601513564148013,0.3333669154005496
s4_random_10_percent,3,5,3,0.35609069176609165,0.329366347323081
s4_random_10_percent,3,5,4,0.3448302657606167,0.3265464332807985
s4_random_10_percent,4,1,1,0.6849623106853995,0.6749690378620232
s4_random_10_percent,4,1,2,0.6696682264317833,0.6612183961619649
s4_random_10_percent,4,1,3,0.65493566169418,0.6454279571649582
s4_random_10_percent,4,1,4,0.6367111640743196,0.6229080393800571
s4_random_10_percent,4,2,1,0.6111643303665796,0.5932318140762021
s4_random_10_percent,4,2,2,0.5790667280092908,0.5571313307091996
s4_random_10_percent,4,2,3,0.5410003949922995,0.5170398912662826
s4_random_10_percent,4,2,4,0.5036106309921862,0.4764999134713693
s4_random_10_percent,4,3,1,0.4631165432465541,0.44155905371541504
s4_random_10_percent,4,3,2,0.42970585629537505,0.4138523349744389
s4_random_10_percent,4,3,3,0.40360752483467005,0.39271138559232605
s4_random_10_percent,4,3,4,0.3837019700508613,0.3749294019920267
s4_random_10_percent,4,4,1,0.3736678895403127,0.36028365556119146
s4_random_10_percent,4,4,2,0.36028573425089727,0.3485198104410851
s4_random_10_percent,4,4,3,0.34690330741835423,0.3399699336676008
s4_random_10_percent,4,4,4,0.33868786819645613,0.3341428114275707
s4_random_10_percent,4,5,1,0.37081225414581487,0.3345920437839622
s4_random_10_percent,4,5,2,0.36208105708773697,0.33056818000482074
s4_random_10_percent,4,5,3,0.3580884099104526,0.32748119104699364
s4_random_10_percent,4,5,4,0.35248885052936224,0.32578141281522105
s4_random_10_percent,5,1,1,0.6846915041168499,0.6698758449184742
s4_random_10_percent,5,1,2,0.6630076580264881,0.6485873884332007
s4_random_10_percent,5,1,3,0.6417073207332217,0.6258927654640746
s4_random_10_percent,5,1,4,0.6172971253573555,0.5989150871613492
s4_random_10_percent,5,2,1,0.5950947620297492,0.5688506546256128
s4_random_10_percent,5,2,2,0.5637906482252837,0.5360072095179994
s4_random_10_percent,5,2,3,0.5356879593988764,0.5012325933810762
s4_random_10_percent,5,2,4,0.500874614676587,0.4667642562645822
s4_random_10_percent,5,3,1,0.45872838250255893,0.4358536653055899
s4_random_10_percent,5,3,2,0.42868427049766467,0.40990427013566966
s4_random_10_percent,5,3,3,0.4033721138551397,0.3879682432667922
s4_random_10_percent,5,3,4,0.3835828661147059,0.3696406715201967
s4_random_10_percent,5,4,1,0.36876526405988647,0.35431699408815753
s4_random_10_percent,5,4,2,0.3498966938700558,0.34314754815203163
s4_random_10_percent,5,4,3,0.33570622885522766,0.3354131291139136
s4_random_10_percent,5,4,4,0.32654644457761905,0.33069082334690525
s4_random_10_percent,5,5,1,0.3431435919710055,0.32897292363523234
s4_random_10_percent,5,5,2,0.3405670780200508,0.3267100783862802
s4_random_10_percent,5,5,3,0.3328638205060734,0.32432041817794494
s4_random_10_percent,5,5,4,0.32953283275599593,0.3227993404803431
s5_retention_expiry,1,1,1,0.6565330376184392,0.6472673437779567
s5_retention_expiry,1,1,2,0.6412345748833188,0.6315164399902058
s5_retention_expiry,1,1,3,0.6252660108527206,0.613077461735785
s5_retention_expiry,1,1,4,0.6062451877485906,0.5905212558035052
s5_retention_expiry,1,2,1,0.5788721985723542,0.5641161865820951
s5_retention_expiry,1,2,2,0.549169382450311,0.5343559130989656
s5_retention_expiry,1,2,3,0.5176854863935353,0.5018666370088144
s5_retention_expiry,1,2,4,0.4821388268460149,0.467875536733594
s5_retention_expiry,1,3,1,0.4555705130823357,0.4364068419465334
s5_retention_expiry,1,3,2,0.42440721180864593,0.4079417567532342
s5_retention_expiry,1,3,3,0.3996559555547076,0.38396666743473507
s5_retention_expiry,1,3,4,0.37632353461801077,0.36477751956264604
s5_retention_expiry,1,4,1,0.3558233706574691,0.35020795667103133
s5_retention_expiry,1,4,2,0.33497184901906735,0.3419760110565069
s5_retention_expiry,1,4,3,0.328678656251807,0.3348417518131075
s5_retention_expiry,1,4,4,0.3210223057813812,0.32983315674424857
s5_retention_expiry,1,5,1,0.3276708056907721,0.3267082179256583
s5_retention_expiry,1,5,2,0.3167807270564053,0.32553568215536804
s5_retention_expiry,1,5,3,0.317408391564055,0.3233026569572395
s5_retention_expiry,1,5,4,0.3121283185545378,0.321700388368869
s5_retention_expiry,2,1,1,0.742393305845428,0.7217517707668756
s5_retention_expiry,2,1,2,0.7151485650162948,0.6976809636380807
s5_retention_expiry,2,1,3,0.6900411394604465,0.6740930906710259
s5_retention_expiry,2,1,4,0.6629212739174826,0.6446662827199383
s5_retention_expiry,2,2,1,0.6285513853944297,0.6096585482285708
s5_retention_expiry,2,2,2,0.5938762288192564,0.5712222481828357
s5_retention_expiry,2,2,3,0.5522008730053489,0.531169972278497
s5_retention_expiry,2,2,4,0.5074580524206986,0.49195291269128194
s5_retention_expiry,2,3,1,0.46944147673520176,0.45674763584507966
s5_retention_expiry,2,3,2,0.4335002355245285,0.4270401761615143
s5_retention_expiry,2,3,3,0.40456062681747207,0.4030908896660759
s5_retention_expiry,2,3,4,0.3835797201503407,0.38288316542321854
s5_retention_expiry,2,4,1,0.377588815659756,0.36488076968008204
s5_retention_expiry,2,4,2,0.3617964541451164,0.3528289445885667
s5_retention_expiry,2,4,3,0.35050773060175155,0.3444082552280837
s5_retention_expiry,2,4,4,0.3396693926913458,0.33875704430798315
s5_retention_expiry,2,5,1,0.2978603777687282,0.3352634709144335
s5_retention_expiry,2,5,2,0.2925507253403162,0.3323136890094006
s5_retention_expiry,2,5,3,0.2869276643906095,0.3317211108262377
s5_retention_expiry,2,5,4,0.2865557369934996,0.33077577820671666
s5_retention_expiry,3,1,1,0.6997664515398359,0.6875876298277488
s5_retention_expiry,3,1,2,0.6789708650184652,0.6690854191324472
s5_retention_expiry,3,1,3,0.6582494176645883,0.6488963653570702
s5_retention_expiry,3,1,4,0.6341207277039462,0.6245781502501092
s5_retention_expiry,3,2,1,0.6023469213059398,0.5967777394187473
s5_retention_expiry,3,2,2,0.5723299424161591,0.565793204821754
s5_retention_expiry,3,2,3,0.5329626128655072,0.5332372673476228
s5_retention_expiry,3,2,4,0.4977606525203465,0.5025196429682728
s5_retention_expiry,3,3,1,0.4991211053599482,0.4746846327796648
s5_retention_expiry,3,3,2,0.46919585673705394,0.45011780130514967
s5_retention_expiry,3,3,3,0.44962579250335694,0.4278075717493318
s5_retention_expiry,3,3,4,0.4288091307619344,0.4070515473244329
s5_retention_expiry,3,4,1,0.39675563660487206,0.3869170905900659
s5_retention_expiry,3,4,2,0.3780265370392064,0.37007882822545995
s5_retention_expiry,3,4,3,0.35834507632360585,0.3568062657806153
s5_retention_expiry,3,4,4,0.3468951054344093,0.346741025146161
s5_retention_expiry,3,5,1,0.34664878892065654,0.3404899864794939
s5_retention_expiry,3,5,2,0.3318837950843911,0.3336325659229233
s5_retention_expiry,3,5,3,0.3308372959559661,0.33034949546917325
s5_retention_expiry,3,5,4,0.32251474370602434,0.327649372817713
s5_retention_expiry,4,1,1,0.6847031095608312,0.6749628408177121
s5_retention_expiry,4,1,2,0.6698251177675879,0.6611566690841465
s5_retention_expiry,4,1,3,0.6529924303762967,0.6450634515907085
s5_retention_expiry,4,1,4,0.6337929594537631,0.6222469513936346
s5_retention_expiry,4,2,1,0.6085991259158556,0.5924453365975249
s5_retention_expiry,4,2,2,0.5720194282527508,0.5568683080552154
s5_retention_expiry,4,2,3,0.5332876664405389,0.5183424121722348
s5_retention_expiry,4,2,4,0.4927961807813704,0.4798317737684138
s5_retention_expiry,4,3,1,0.45066426555594996,0.445992428733129
s5_retention_expiry,4,3,2,0.42085032251472004,0.41939350363826156
s5_retention_expiry,4,3,3,0.3916947214695607,0.39769459232879145
s5_retention_expiry,4,3,4,0.37074182176003345,0.3787433389851932
s5_retention_expiry,4,4,1,0.3560002830121424,0.36192201507927907
s5_retention_expiry,4,4,2,0.34432178348689885,0.3499138525542489
s5_retention_expiry,4,4,3,0.3299286829960811,0.3419333049631366
s5_retention_expiry,4,4,4,0.32669873041508,0.33638180865962874
s5_retention_expiry,4,5,1,0.339921322133806,0.33335775180068655
s5_retention_expiry,4,5,2,0.3322499096393585,0.3304975936639319
s5_retention_expiry,4,5,3,0.3323561218049791,0.3274515576695211
s5_retention_expiry,4,5,4,0.3238801691267226,0.3248073077904797
s5_retention_expiry,5,1,1,0.6853800333527467,0.6700638924958502
s5_retention_expiry,5,1,2,0.6628013800196806,0.6487382271561244
s5_retention_expiry,5,1,3,0.6404119088019256,0.6261919786003877
s5_retention_expiry,5,1,4,0.6157359918236941,0.5993281316470813
s5_retention_expiry,5,2,1,0.5904502433179873,0.5688516366947163
s5_retention_expiry,5,2,2,0.560224043979994,0.535898435630012
s5_retention_expiry,5,2,3,0.5250474989362249,0.5009139537599743
s5_retention_expiry,5,2,4,0.49315238045731524,0.46587042893310276
s5_retention_expiry,5,3,1,0.4499628629414422,0.43441529943420365
s5_retention_expiry,5,3,2,0.4175342423179047,0.4094972002304482
s5_retention_expiry,5,3,3,0.39972304787627433,0.3880583853904517
s5_retention_expiry,5,3,4,0.3803791485667961,0.3696409151132986
s5_retention_expiry,5,4,1,0.33535196904478404,0.3531520893802872
s5_retention_expiry,5,4,2,0.3210219895017558,0.34169340780482343
s5_retention_expiry,5,4,3,0.3090683273200331,0.3341034443252177
s5_retention_expiry,5,4,4,0.3008128544379925,0.32964143955151043
s5_retention_expiry,5,5,1,0.3198269452077987,0.3291562829973136
s5_retention_expiry,5,5,2,0.3184536006155488,0.32588383714878716
s5_retention_expiry,5,5,3,0.31296435442818904,0.3253207643712898
s5_retention_expiry,5,5,4,0.3032955705028258,0.3243880325365418
