scenario,shard_id,earliest_affected_slice,starting_state,initialization_seed,slice_training_seeds,replayed_slice_stages,forgotten_rows,retained_rows,retained_validation_rows,skipped_slices,training_seconds
recipient_withdrawal,1,5,prior_original_checkpoint,1573892005,"{""5"": 1816768135}",1,426,7980,8904,,0.061653834069147706
donor_withdrawal,1,4,prior_original_checkpoint,1573892005,"{""4"": 1162407041, ""5"": 1816768135}",2,1992,6414,8472,,0.055830249795690179
hospital_removal,1,1,fresh_initialization,1573892005,"{""1"": 4125698204, ""2"": 1381616596, ""3"": 1040596689, ""4"": 1162407041, ""5"": 1816768135}",5,4314,4092,8166,,0.26959954085759819
invalid_consent,1,2,prior_original_checkpoint,1573892005,"{""2"": 1381616596, ""3"": 1040596689, ""4"": 1162407041, ""5"": 1816768135}",4,789,7617,8046,,0.34904554090462625
invalid_consent,3,1,fresh_initialization,3092951467,"{""1"": 595239902, ""2"": 2855424630, ""3"": 3935021342, ""4"": 2314801019, ""5"": 2727585514}",5,1622,6784,8046,,0.35984962503425777
invalid_consent,5,1,fresh_initialization,4212226410,"{""1"": 1775412442, ""2"": 3065926721, ""3"": 3305257308, ""4"": 2409638965, ""5"": 906129549}",5,1737,6663,8046,,0.30054216715507209
retention_expiry,1,2,prior_original_checkpoint,1573892005,"{""2"": 1381616596, ""3"": 1040596689, ""4"": 1162407041, ""5"": 1816768135}",4,1268,7138,7624,,0.25957558420486748
retention_expiry,3,1,fresh_initialization,3092951467,"{""1"": 595239902, ""2"": 2855424630, ""3"": 3935021342, ""4"": 2314801019, ""5"": 2727585514}",5,2234,6172,7624,,0.27310258406214416
retention_expiry,4,1,fresh_initialization,3713854202,"{""1"": 2361848181, ""2"": 3812300803, ""3"": 562195937, ""4"": 2097560434, ""5"": 2852067248}",5,2760,5646,7624,,0.41307516605593264
