scenario,evaluation_partition,shard_id,row_count,shape,minimum,maximum,sha256
recipient_withdrawal,retained_validation,1,8904,"(8904,)",0.008547535166144371,0.85746049880981445,b38f690bf3a21265b09bcc33e03f3c1c52e9a1b9337c9b209e239667aa3f704a
recipient_withdrawal,retained_validation,2,8904,"(8904,)",0.035493228584527969,0.93721538782119751,016041c1dca37f4fc5f5a602f10154f451ad8641c45fb7f98a7afd81bdbcdc4e
recipient_withdrawal,retained_validation,3,8904,"(8904,)",0.011383255943655968,0.89189642667770386,d23896a400a83f7a8021799707c52fadcfef404436a71accc63a6271e1a3a023
recipient_withdrawal,retained_validation,4,8904,"(8904,)",0.0048781759105622768,0.95169585943222046,56062ca2f506fa6334cef05f89d36d4aff05efc1c030177ea4ab56a1207cb9a1
recipient_withdrawal,retained_validation,5,8904,"(8904,)",0.0019091699505224824,0.8132011890411377,2f5954ab43f1848cb328536c1537083119d4f40603ef32211d3895b9e40eba0a
recipient_withdrawal,retained_test,1,8898,"(8898,)",0.0083044338971376419,0.87743091583251953,9593664ac4c7d2c4444c297163b2e79f40e53a019341f14981a9aff08abdcd11
recipient_withdrawal,retained_test,2,8898,"(8898,)",0.028481358662247658,0.939566969871521,cfcb3c8150d5a94b52163250bc8cb2f4c6b490fbefc339ca55d73e92910834bd
recipient_withdrawal,retained_test,3,8898,"(8898,)",0.0087849488481879234,0.88423961400985718,c8b9b43cf2941eef464ddedea5abe65e860a905b5745a3d9239e30fddc29c6f0
recipient_withdrawal,retained_test,4,8898,"(8898,)",0.0038178928662091494,0.95803654193878174,2e97c4f8fd0ac06583b321e88e613c93fe40d18492648c30a319e8401dd813b0
recipient_withdrawal,retained_test,5,8898,"(8898,)",0.0011548128677532077,0.82589441537857056,12e3f5a8dfd66eb19ce69ec762027d78201b2273cca60e73aa100761bead2925
recipient_withdrawal,training_forget,1,426,"(426,)",0.012023919261991978,0.80306428670883179,9d07296ac3f0ed7af5a65350d461889734cdd2ca2e78274879deead3180851ae
recipient_withdrawal,training_forget,2,426,"(426,)",0.033178593963384628,0.92911708354949951,0c3908237949fb540053a855a7055ce8cc37844f4048ffb9f7b1c74042568a7c
recipient_withdrawal,training_forget,3,426,"(426,)",0.01255584042519331,0.8576774001121521,80c167dce615b532f158d368af6605683de6c4d535a275087b48eaaecf6f2412
recipient_withdrawal,training_forget,4,426,"(426,)",0.0068091824650764465,0.9274711012840271,a55468fa6721dd73e21e77163f4a9b45af38bbcee7fbf58e50914775f31c9402
recipient_withdrawal,training_forget,5,426,"(426,)",0.0036814878694713116,0.79096245765686035,16bdc6c1813dce7ca8498760fa98ab310a0320cfba9be11a8095718f6a9287fd
donor_withdrawal,retained_validation,1,8472,"(8472,)",0.010946296155452728,0.87555944919586182,b21028dfa7e211cd4173e2068dee9c751f81980c00a69789433b487c275b412e
donor_withdrawal,retained_validation,2,8472,"(8472,)",0.035493228584527969,0.93721538782119751,a32806877ea46b3aac7ece77f8e4edde0769b446099d4780c4697344a39833c1
donor_withdrawal,retained_validation,3,8472,"(8472,)",0.011383255943655968,0.89189642667770386,e25e0e0a1dfacb20c7592e63406b9b378173810162826cdd48b1797cd428cb36
donor_withdrawal,retained_validation,4,8472,"(8472,)",0.0048781759105622768,0.95169585943222046,937bdd54554cc8e7b7bb33ef0c510e4a5a7c3e67384cad1e2bfe7267cce4b118
donor_withdrawal,retained_validation,5,8472,"(8472,)",0.0019091699505224824,0.8132011890411377,4a45e106b361017bb4e584ad2c11f35151c70f86e68a58334cfa9ddf66415f08
donor_withdrawal,retained_test,1,8496,"(8496,)",0.010638945735991001,0.90845322608947754,9e3add0d009c8882c766247f8716d2eb4ab772f5da297e63bc489df3e771a9ff
donor_withdrawal,retained_test,2,8496,"(8496,)",0.028481358662247658,0.939566969871521,1cea193b827eecee80349fbeca7b2afa732b3df0cfdf898d44234080e1b65de0
donor_withdrawal,retained_test,3,8496,"(8496,)",0.0087849488481879234,0.88423961400985718,e97533d67a5cd6510e07ad6143a48e995fcb1e4711814704f14edc3c54f5bf80
donor_withdrawal,retained_test,4,8496,"(8496,)",0.0038178928662091494,0.95803654193878174,4e8d4180963b8fe5a8ef568ec260e21f60d5b78a4b7d163e7821a55c01c6a6a5
donor_withdrawal,retained_test,5,8496,"(8496,)",0.0011548128677532077,0.82589441537857056,cc2aa2a823e838b8047f6df521b12d6929f19e3a961913276aa964d5bd484cc6
donor_withdrawal,training_forget,1,1992,"(1992,)",0.015612039715051651,0.86440187692642212,3436504a6e3f921d4aa4fcfee04a5207f23a6a0a857a1f6d80f47d7f4dfcf665
donor_withdrawal,training_forget,2,1992,"(1992,)",0.027789406478404999,0.9467235803604126,8c22aac51adf618bf0adfae50b4d5f65583240fa02cdebab8d2778ad3ca88f87
donor_withdrawal,training_forget,3,1992,"(1992,)",0.0077915512956678867,0.85103094577789307,b3bad758d71373792fe0bcf532bc330c395ef692aa8e54356fa5e4c69ec81ea6
donor_withdrawal,training_forget,4,1992,"(1992,)",0.005280517041683197,0.92964965105056763,20de20c6be75c3769f28c8ec3e00c8ac59122e26dd689208b1c4350914d293ad
donor_withdrawal,training_forget,5,1992,"(1992,)",0.0029320186004042625,0.7883152961730957,2f90e6ff41cefabbdbcef9f762d11cdf32b519dae50fe019c46861e1a2897c1c
hospital_removal,retained_validation,1,8166,"(8166,)",0.0096246255561709404,0.92424589395523071,aa5a639d100849bb4d77a5fd07d5be498715fa4014374530265729621607474e
hospital_removal,retained_validation,2,8166,"(8166,)",0.035493228584527969,0.93721538782119751,c23b886fc13976ae157a73ee4bf716fd6d2aea08b70bef2eeb27e20f6c78af18
hospital_removal,retained_validation,3,8166,"(8166,)",0.011383255943655968,0.89189642667770386,1d144324de663a6c654c69eb35a42d12f21fe3303149570cf80d6c3a095d129e
hospital_removal,retained_validation,4,8166,"(8166,)",0.0048781759105622768,0.95169585943222046,270aacaa06cfcf6153b2d20fa3ca3c57d4e5543449f11be8504a63f5f2241ea9
hospital_removal,retained_validation,5,8166,"(8166,)",0.0019091699505224824,0.8132011890411377,cd49668e46683b7ece9cecfb73b5902e38ff9df932773d16c6757aee04ae172b
hospital_removal,retained_test,1,8124,"(8124,)",0.0094389105215668678,0.93002438545227051,f38c93ba62dae6468a5a25c4902d4071fd445557e7dd374050f620b2bcdad26e
hospital_removal,retained_test,2,8124,"(8124,)",0.030371833592653275,0.93360060453414917,6101f03c8e12190fdfcfd4580dd98f7e30c770ff63b0c2981aa1001f93e6f901
hospital_removal,retained_test,3,8124,"(8124,)",0.0087849488481879234,0.86949843168258667,da37b64681b80f96ece6320523db86b745e8aa319e19d7b73b1f0f83848a5bd4
hospital_removal,retained_test,4,8124,"(8124,)",0.0038178928662091494,0.95803654193878174,2c7c97e1a7c59d42a60bc642698f979093b3d072f8019b06a805323d3e872bdb
hospital_removal,retained_test,5,8124,"(8124,)",0.0011548128677532077,0.82589441537857056,67aede626dfdc3456ef9c73fb061e450f87f3fd4a04e38fcd18effcdb4947d25
hospital_removal,training_forget,1,4314,"(4314,)",0.012658034451305866,0.90785408020019531,89eedc156f8cc5ca990184585998564f7d4c052653a9cf6d4b00fa3c4fbb32f7
hospital_removal,training_forget,2,4314,"(4314,)",0.037681974470615387,0.94194912910461426,bbf7424435b1e5fdc9c683f1ad90461e3cdb647b637f03b2f7181b765ec5a3fd
hospital_removal,training_forget,3,4314,"(4314,)",0.010138587094843388,0.88411092758178711,cf776ddf01ad57dd33de1f0256fa05a204a6ce2dbd1aeb9ef94dead9a6f1d714
hospital_removal,training_forget,4,4314,"(4314,)",0.0066449479199945927,0.94509506225585938,f905aabaa789f20d57706119475502d8a9e2db1695a60e1c6680ffcca3e430b8
hospital_removal,training_forget,5,4314,"(4314,)",0.0012972473632544279,0.84197890758514404,ef35d89d398966ea46ad7143e4c3d16642dacca666b712213842dbc5870dda70
invalid_consent,retained_validation,1,8046,"(8046,)",0.0083683449774980545,0.8954043984413147,62e0228aa53505e5f35a9b087ab8189e0dc9e34a53154aea7993f23416132182
invalid_consent,retained_validation,2,8046,"(8046,)",0.035493228584527969,0.93721538782119751,dbe984758552b40f22ee6e2657bd1462bc582ef60deaf98e1bb071bc1afbe07b
invalid_consent,retained_validation,3,8046,"(8046,)",0.0042761880904436111,0.89742517471313477,d33569e4b093e76d2d1072569be428616ce2c3aa1333cb797e2e18970162b4dc
invalid_consent,retained_validation,4,8046,"(8046,)",0.0048781759105622768,0.94266670942306519,a0ff5dc88f291b05f8124d0d48a13a4a2783b88cf6bc9e0f45360cb53ab7b0bc
invalid_consent,retained_validation,5,8046,"(8046,)",0.0041656824760138988,0.8681720495223999,568380dac2014e98e76241f2337a4a8966607cf0c7f2dfb5461b4448703ba5a3
invalid_consent,retained_test,1,8078,"(8078,)",0.0086805848404765129,0.91882616281509399,bf60bf56ea6bdabb63dfbffecb93897af8e00ce9a33c220da4d3f1929ba4b5b4
invalid_consent,retained_test,2,8078,"(8078,)",0.028481358662247658,0.939566969871521,0a72b6fe7e5cdfceeb129c1329809c886a6e23029a79d28c02e4ae3fe7015013
invalid_consent,retained_test,3,8078,"(8078,)",0.0029381015338003635,0.86272799968719482,575da4440b3619e36ade1ca07a7fc26820d524a1e9ecd0fbf6d20f245179e20f
invalid_consent,retained_test,4,8078,"(8078,)",0.0038178928662091494,0.94563126564025879,5ab4041988efa04dfcb1456be200931930898c0d755fd062a73ada8f16d7d24b
invalid_consent,retained_test,5,8078,"(8078,)",0.0026222451124340296,0.87512612342834473,4d1fb3fe5afd3a04650fcde2b9106e6b5e698363e5ec834b0994ecb203c497f2
invalid_consent,training_forget,1,4148,"(4148,)",0.06088724359869957,0.92341893911361694,454e44fc67de4c8c9420eb2517b3fe27b9f69c539815924240504103277d58f3
invalid_consent,training_forget,2,4148,"(4148,)",0.12044999748468399,0.95155668258666992,cdb8ea2a0b1be89e6c49708014f489dd9ece6292f9b488f3a2f9118250e89372
invalid_consent,training_forget,3,4148,"(4148,)",0.038379769772291183,0.88021153211593628,186342b00dc155570975cfaee95015c3f8276e0934fac733ee4258c4eaa8c3c6
invalid_consent,training_forget,4,4148,"(4148,)",0.044166289269924164,0.9528968334197998,ab5091615597191fd7922be4dc3a7206888785a12efb87082f3c50844a838add
invalid_consent,training_forget,5,4148,"(4148,)",0.01953461766242981,0.8491511344909668,2cc1da2c47ea3873eb5b4a499494a34bb7d48f4ec96b7f31f007716e9b487c1f
retention_expiry,retained_validation,1,7624,"(7624,)",0.0056472453288733959,0.90071815252304077,b3610568e5d903e083dd836c72e21d0eb41dc491f655d537fb3257331401f0f6
retention_expiry,retained_validation,2,7624,"(7624,)",0.035493228584527969,0.93721538782119751,bfbbd7bb785dfd928870b2e5b84dd6983597bdf5c882097415cc1cd719d458f4
retention_expiry,retained_validation,3,7624,"(7624,)",0.0088101848959922791,0.95311993360519409,71378cf4f33712a72bd2a0d746c70d1eb330de175bfd8029f4919ba9d706fea9
retention_expiry,retained_validation,4,7624,"(7624,)",0.002470036968588829,0.94824731349945068,d8cc87f892742274e2ae532ceaec9a3de50fd2cb3e422b36fde08e83497bf9a1
retention_expiry,retained_validation,5,7624,"(7624,)",0.0019091699505224824,0.81002455949783325,19013989060e8567194eed31a3c838699b9b06fca7ae77da33925bc76a124955
retention_expiry,retained_test,1,7614,"(7614,)",0.0055803093127906322,0.91612493991851807,fe7e1a2894d93b75fc753b4873d86289fa339a6ef6ada7626fcd5908090d2685
retention_expiry,retained_test,2,7614,"(7614,)",0.028481358662247658,0.939566969871521,4addc31a574b63804933f2b995cf5e7d3f9d59a5a0306ca5658c0bba9da811df
retention_expiry,retained_test,3,7614,"(7614,)",0.006594561506062746,0.93311697244644165,86abbc25787cfbd77330c8991a9d5c0de76f902ad7570a7c11bbdb79bd0af841
retention_expiry,retained_test,4,7614,"(7614,)",0.0021063485182821751,0.97018527984619141,6adf7cd8c70dfc2ef70d30996bedb3ae927e8f78d578dc01f61bffb85bd68472
retention_expiry,retained_test,5,7614,"(7614,)",0.0011548128677532077,0.82589441537857056,b08d9bb7729abfafaee41fd164038b571e7946d9da69408ff0906d0a885141cc
retention_expiry,training_forget,1,6262,"(6262,)",0.047224294394254684,0.91857439279556274,567528bb2fcd217f75cdf62a5c6b00847a7b75201b5c8551cd1db198de6fa620
retention_expiry,training_forget,2,6262,"(6262,)",0.14693751931190491,0.94894903898239136,b0540d900517f9becf3f51c2e0aa8b48de8cba8ef5a6d0ac8b83e9bb6aaa7c13
retention_expiry,training_forget,3,6262,"(6262,)",0.053435880690813065,0.94161689281463623,e2f223a788e4491f230cd4a8c35ad76d33dc239801da0a1a19c600549fa772fb
retention_expiry,training_forget,4,6262,"(6262,)",0.029791461303830147,0.96665620803833008,7ffc2d95241d00054ac27839ece6bba11af12e5c76e897ed51a633b9336f6ca1
retention_expiry,training_forget,5,6262,"(6262,)",0.025976309552788734,0.82684427499771118,84678fd7b6f17931631513f46d536f13a66c330327f2bf7570d4fa6d55fed2f3
