request_id,request_text,prompt_condition,raw_response,parsed_request_type,parsed_entity_type,parsed_entity_ids,parsed_date_cutoff,parsed_requires_human_review,effective_request_type,effective_entity_type,effective_entity_ids,effective_date_cutoff,effective_requires_human_review,schema_valid,parse_error,parser_normalization,request_latency_seconds,retry_count,api_status
LLMREQ-001,Recipient V32P-R004205 withdraws consent for all their records to be used for model training.,zero_shot,"{
  ""request_type"": ""recipient_withdrawal"",
  ""entity_type"": ""recipient"",
  ""entity_ids"": [
    ""V32P-R004205""
  ],
  ""date_cutoff"": null,
  ""requires_human_review"": false,
  ""reason"": ""Recipient withdrawal request with explicit ID provided.""
}",recipient_withdrawal,recipient,"[""V32P-R004205""]",,False,recipient_withdrawal,recipient,"[""V32P-R004205""]",,False,True,,whitespace_only,0.6883844998665154,0,succeeded
LLMREQ-002,Remove every assessment belonging to recipient V32P-R001325 from future training.,zero_shot,"{
  ""request_type"": ""unknown"",
  ""entity_type"": ""none"",
  ""entity_ids"": [],
  ""date_cutoff"": null,
  ""requires_human_review"": true,
  ""reason"": ""Unsupported clinical filtering for training data removal; policy requires specific deletion request types.""
}",unknown,none,[],,True,unknown,none,[],,True,True,,whitespace_only,0.548953624907881,0,succeeded
LLMREQ-003,Process a complete training-data withdrawal for recipient V32P-R001426.,zero_shot,"{
  ""request_type"": ""recipient_withdrawal"",
  ""entity_type"": ""recipient"",
  ""entity_ids"": [
    ""V32P-R001426""
  ],
  ""date_cutoff"": null,
  ""requires_human_review"": false,
  ""reason"": ""Complete withdrawal request for recipient V32P-R001426.""
}",recipient_withdrawal,recipient,"[""V32P-R001426""]",,False,recipient_withdrawal,recipient,"[""V32P-R001426""]",,False,True,,whitespace_only,0.7272829581052065,0,succeeded
LLMREQ-004,Exclude the full longitudinal history of recipient V32P-R007674 from the training corpus.,zero_shot,"{
  ""request_type"": ""recipient_withdrawal"",
  ""entity_type"": ""recipient"",
  ""entity_ids"": [
    ""V32P-R007674""
  ],
  ""date_cutoff"": null,
  ""requires_human_review"": false,
  ""reason"": ""Request to exclude full history for recipient V32P-R007674.""
}",recipient_withdrawal,recipient,"[""V32P-R007674""]",,False,recipient_withdrawal,recipient,"[""V32P-R007674""]",,False,True,,whitespace_only,0.6662439999636263,0,succeeded
LLMREQ-005,Recipient V32P-R006444 requests removal of their transplant assessments from model training.,zero_shot,"{
  ""request_type"": ""recipient_withdrawal"",
  ""entity_type"": ""recipient"",
  ""entity_ids"": [
    ""V32P-R006444""
  ],
  ""date_cutoff"": null,
  ""requires_human_review"": false,
  ""reason"": ""Recipient withdrawal request with explicit recipient ID provided.""
}",recipient_withdrawal,recipient,"[""V32P-R006444""]",,False,recipient_withdrawal,recipient,"[""V32P-R006444""]",,False,True,,whitespace_only,0.6137240000534803,0,succeeded
LLMREQ-006,Apply the recipient records withdrawal request for V32P-R005972.,zero_shot,"{
  ""request_type"": ""recipient_withdrawal"",
  ""entity_type"": ""recipient"",
  ""entity_ids"": [
    ""V32P-R005972""
  ],
  ""date_cutoff"": null,
  ""requires_human_review"": false,
  ""reason"": ""Valid recipient withdrawal request with explicit recipient ID provided.""
}",recipient_withdrawal,recipient,"[""V32P-R005972""]",,False,recipient_withdrawal,recipient,"[""V32P-R005972""]",,False,True,,whitespace_only,0.6114012079779059,0,succeeded
LLMREQ-007,Stop using any assessment linked to recipient V32P-R005394 for training.,zero_shot,"{
  ""request_type"": ""recipient_withdrawal"",
  ""entity_type"": ""recipient"",
  ""entity_ids"": [
    ""V32P-R005394""
  ],
  ""date_cutoff"": null,
  ""requires_human_review"": false,
  ""reason"": ""Recipient withdrawal request for specific recipient ID.""
}",recipient_withdrawal,recipient,"[""V32P-R005394""]",,False,recipient_withdrawal,recipient,"[""V32P-R005394""]",,False,True,,whitespace_only,0.5981675409711897,0,succeeded
LLMREQ-008,Delete recipient V32P-R007913's complete assessment history from the training scope.,zero_shot,"{
  ""request_type"": ""recipient_withdrawal"",
  ""entity_type"": ""recipient"",
  ""entity_ids"": [
    ""V32P-R007913""
  ],
  ""date_cutoff"": null,
  ""requires_human_review"": false,
  ""reason"": ""Valid recipient withdrawal request with explicit ID.""
}",recipient_withdrawal,recipient,"[""V32P-R007913""]",,False,recipient_withdrawal,recipient,"[""V32P-R007913""]",,False,True,,whitespace_only,0.6504828750621527,0,succeeded
LLMREQ-009,Treat V32P-R008186 as a recipient who has withdrawn permission for training use.,zero_shot,"{
  ""request_type"": ""recipient_withdrawal"",
  ""entity_type"": ""recipient"",
  ""entity_ids"": [
    ""V32P-R008186""
  ],
  ""date_cutoff"": null,
  ""requires_human_review"": false,
  ""reason"": ""Recipient withdrawal request identified with explicit recipient ID.""
}",recipient_withdrawal,recipient,"[""V32P-R008186""]",,False,recipient_withdrawal,recipient,"[""V32P-R008186""]",,False,True,,whitespace_only,0.6168407080695033,0,succeeded
LLMREQ-010,Remove all training records whose recipient identifier is V32P-R009732.,zero_shot,"{
  ""request_type"": ""recipient_withdrawal"",
  ""entity_type"": ""recipient"",
  ""entity_ids"": [
    ""V32P-R009732""
  ],
  ""date_cutoff"": null,
  ""requires_human_review"": false,
  ""reason"": ""Valid recipient withdrawal request with explicit recipient ID.""
}",recipient_withdrawal,recipient,"[""V32P-R009732""]",,False,recipient_withdrawal,recipient,"[""V32P-R009732""]",,False,True,,whitespace_only,0.6051537080202252,0,succeeded
LLMREQ-011,The data subject identified as recipient V32P-R008817 has withdrawn training consent.,zero_shot,"{
  ""request_type"": ""recipient_withdrawal"",
  ""entity_type"": ""recipient"",
  ""entity_ids"": [
    ""V32P-R008817""
  ],
  ""date_cutoff"": null,
  ""requires_human_review"": false,
  ""reason"": ""Recipient withdrawal request with explicit ID provided.""
}",recipient_withdrawal,recipient,"[""V32P-R008817""]",,False,recipient_withdrawal,recipient,"[""V32P-R008817""]",,False,True,,whitespace_only,0.6373227920848876,0,succeeded
LLMREQ-012,Please action full recipient-level removal for V32P-R008897 from model training.,zero_shot,"{
  ""request_type"": ""recipient_withdrawal"",
  ""entity_type"": ""recipient"",
  ""entity_ids"": [
    ""V32P-R008897""
  ],
  ""date_cutoff"": null,
  ""requires_human_review"": false,
  ""reason"": ""Recipient withdrawal request for specific ID V32P-R008897.""
}",recipient_withdrawal,recipient,"[""V32P-R008897""]",,False,recipient_withdrawal,recipient,"[""V32P-R008897""]",,False,True,,whitespace_only,0.6655652089975774,0,succeeded
LLMREQ-013,I'm recipient V32P-R008144 and I don't want my transplant information training the system anymore.,zero_shot,"{
  ""request_type"": ""recipient_withdrawal"",
  ""entity_type"": ""recipient"",
  ""entity_ids"": [
    ""V32P-R008144""
  ],
  ""date_cutoff"": null,
  ""requires_human_review"": false,
  ""reason"": ""Recipient withdrawal request for specific recipient ID.""
}",recipient_withdrawal,recipient,"[""V32P-R008144""]",,False,recipient_withdrawal,recipient,"[""V32P-R008144""]",,False,True,,whitespace_only,0.6996751669794321,0,succeeded
LLMREQ-014,Can you stop the model using everything recorded for me? My recipient number is V32P-R009171.,zero_shot,"{
  ""request_type"": ""recipient_withdrawal"",
  ""entity_type"": ""recipient"",
  ""entity_ids"": [
    ""V32P-R009171""
  ],
  ""date_cutoff"": null,
  ""requires_human_review"": false,
  ""reason"": ""Recipient withdrawal request for specific recipient ID.""
}",recipient_withdrawal,recipient,"[""V32P-R009171""]",,False,recipient_withdrawal,recipient,"[""V32P-R009171""]",,False,True,,whitespace_only,0.6076490827836096,0,succeeded
LLMREQ-015,Take all of my assessment history out of future training please — I'm V32P-R006569.,zero_shot,"{
  ""request_type"": ""recipient_withdrawal"",
  ""entity_type"": ""recipient"",
  ""entity_ids"": [
    ""V32P-R006569""
  ],
  ""date_cutoff"": null,
  ""requires_human_review"": false,
  ""reason"": ""Recipient withdrawal request identified with explicit recipient ID.""
}",recipient_withdrawal,recipient,"[""V32P-R006569""]",,False,recipient_withdrawal,recipient,"[""V32P-R006569""]",,False,True,,whitespace_only,0.6133612911216915,0,succeeded
LLMREQ-016,I changed my mind about training use; remove everything tied to recipient ID V32P-R002885.,zero_shot,"{
  ""request_type"": ""recipient_withdrawal"",
  ""entity_type"": ""recipient"",
  ""entity_ids"": [
    ""V32P-R002885""
  ],
  ""date_cutoff"": null,
  ""requires_human_review"": false,
  ""reason"": ""Recipient withdrawal request for specific recipient ID.""
}",recipient_withdrawal,recipient,"[""V32P-R002885""]",,False,recipient_withdrawal,recipient,"[""V32P-R002885""]",,False,True,,whitespace_only,0.5953394579701126,0,succeeded
LLMREQ-017,Donor V32P-DP001594 withdraws permission for linked transplant records to be used in training.,zero_shot,"{
  ""request_type"": ""donor_withdrawal"",
  ""entity_type"": ""donor"",
  ""entity_ids"": [
    ""V32P-DP001594""
  ],
  ""date_cutoff"": null,
  ""requires_human_review"": false,
  ""reason"": ""Donor withdrawal request with explicit donor ID provided.""
}",donor_withdrawal,donor,"[""V32P-DP001594""]",,False,donor_withdrawal,donor,"[""V32P-DP001594""]",,False,True,,whitespace_only,0.7228200419340283,0,succeeded
LLMREQ-018,Remove all assessments linked to donor V32P-DP000200 from model training.,zero_shot,"{
  ""request_type"": ""unknown"",
  ""entity_type"": ""none"",
  ""entity_ids"": [],
  ""date_cutoff"": null,
  ""requires_human_review"": true,
  ""reason"": ""Unsupported clinical filtering for model training data removal.""
}",unknown,none,[],,True,unknown,none,[],,True,True,,whitespace_only,0.7032002080231905,0,succeeded
LLMREQ-019,Process donor-level withdrawal for donor identifier V32P-DP001152.,zero_shot,"{
  ""request_type"": ""donor_withdrawal"",
  ""entity_type"": ""donor"",
  ""entity_ids"": [
    ""V32P-DP001152""
  ],
  ""date_cutoff"": null,
  ""requires_human_review"": false,
  ""reason"": ""Donor withdrawal request processed for specified donor ID.""
}",donor_withdrawal,donor,"[""V32P-DP001152""]",,False,donor_withdrawal,donor,"[""V32P-DP001152""]",,False,True,,whitespace_only,0.6549174999818206,0,succeeded
LLMREQ-020,Exclude every recipient assessment associated with donor V32P-DP001364 from training.,zero_shot,"{
  ""request_type"": ""unknown"",
  ""entity_type"": ""none"",
  ""entity_ids"": [],
  ""date_cutoff"": null,
  ""requires_human_review"": true,
  ""reason"": ""Unsupported clinical filtering logic; policy requires explicit entity IDs and specific request types.""
}",unknown,none,[],,True,unknown,none,[],,True,True,,whitespace_only,0.5190642920788378,0,succeeded
LLMREQ-021,Donor V32P-DP001562 requests removal of all linked data from the training corpus.,zero_shot,"{
  ""request_type"": ""donor_withdrawal"",
  ""entity_type"": ""donor"",
  ""entity_ids"": [
    ""V32P-DP001562""
  ],
  ""date_cutoff"": null,
  ""requires_human_review"": false,
  ""reason"": ""Donor withdrawal request with explicit donor ID provided.""
}",donor_withdrawal,donor,"[""V32P-DP001562""]",,False,donor_withdrawal,donor,"[""V32P-DP001562""]",,False,True,,whitespace_only,0.7380536249838769,0,succeeded
LLMREQ-022,Apply the linked-donor removal policy to V32P-DP000477.,zero_shot,"{
  ""request_type"": ""donor_withdrawal"",
  ""entity_type"": ""donor"",
  ""entity_ids"": [
    ""V32P-DP000477""
  ],
  ""date_cutoff"": null,
  ""requires_human_review"": false,
  ""reason"": ""Donor withdrawal request for specific donor ID V32P-DP000477.""
}",donor_withdrawal,donor,"[""V32P-DP000477""]",,False,donor_withdrawal,donor,"[""V32P-DP000477""]",,False,True,,whitespace_only,0.7046818330418319,0,succeeded
LLMREQ-023,Stop training on records connected to donor V32P-DP001670.,zero_shot,"{
  ""request_type"": ""donor_withdrawal"",
  ""entity_type"": ""donor"",
  ""entity_ids"": [
    ""V32P-DP001670""
  ],
  ""date_cutoff"": null,
  ""requires_human_review"": false,
  ""reason"": ""Donor withdrawal request for ID V32P-DP001670.""
}",donor_withdrawal,donor,"[""V32P-DP001670""]",,False,donor_withdrawal,donor,"[""V32P-DP001670""]",,False,True,,whitespace_only,0.7572369170375168,0,succeeded
LLMREQ-024,Delete the training scope associated with donor V32P-DP000419.,zero_shot,"{
  ""request_type"": ""unknown"",
  ""entity_type"": ""none"",
  ""entity_ids"": [],
  ""date_cutoff"": null,
  ""requires_human_review"": true,
  ""reason"": ""Request involves unsupported clinical filtering ('training scope') not covered by allowed deletion types.""
}",unknown,none,[],,True,unknown,none,[],,True,True,,whitespace_only,0.8158797500655055,0,succeeded
LLMREQ-025,Treat V32P-DP000668 as a donor who has withdrawn training permission.,zero_shot,"{
  ""request_type"": ""donor_withdrawal"",
  ""entity_type"": ""donor"",
  ""entity_ids"": [
    ""V32P-DP000668""
  ],
  ""date_cutoff"": null,
  ""requires_human_review"": false,
  ""reason"": ""Donor withdrawal request identified with explicit donor ID.""
}",donor_withdrawal,donor,"[""V32P-DP000668""]",,False,donor_withdrawal,donor,"[""V32P-DP000668""]",,False,True,,whitespace_only,0.6371280830353498,0,succeeded
LLMREQ-026,Remove all training records whose donor identifier is V32P-DP000150.,zero_shot,"{
  ""request_type"": ""donor_withdrawal"",
  ""entity_type"": ""donor"",
  ""entity_ids"": [
    ""V32P-DP000150""
  ],
  ""date_cutoff"": null,
  ""requires_human_review"": false,
  ""reason"": ""Donor withdrawal request identified with explicit donor ID V32P-DP000150.""
}",donor_withdrawal,donor,"[""V32P-DP000150""]",,False,donor_withdrawal,donor,"[""V32P-DP000150""]",,False,True,,whitespace_only,0.7522471668198705,0,succeeded
LLMREQ-027,The donor identified as V32P-DP000142 has withdrawn data-use permission.,zero_shot,"{
  ""request_type"": ""donor_withdrawal"",
  ""entity_type"": ""donor"",
  ""entity_ids"": [
    ""V32P-DP000142""
  ],
  ""date_cutoff"": null,
  ""requires_human_review"": false,
  ""reason"": ""Donor V32P-DP000142 withdrew data-use permission.""
}",donor_withdrawal,donor,"[""V32P-DP000142""]",,False,donor_withdrawal,donor,"[""V32P-DP000142""]",,False,True,,whitespace_only,0.692336916923523,0,succeeded
LLMREQ-028,Please action donor-linked removal for V32P-DP001031 from model training.,zero_shot,"{
  ""request_type"": ""donor_withdrawal"",
  ""entity_type"": ""donor"",
  ""entity_ids"": [
    ""V32P-DP001031""
  ],
  ""date_cutoff"": null,
  ""requires_human_review"": false,
  ""reason"": ""Donor withdrawal request identified with explicit donor ID V32P-DP001031.""
}",donor_withdrawal,donor,"[""V32P-DP001031""]",,False,donor_withdrawal,donor,"[""V32P-DP001031""]",,False,True,,whitespace_only,0.71203099982813,0,succeeded
LLMREQ-029,Please stop using anything connected to my donation in training; my donor ID is V32P-DP000340.,zero_shot,"{
  ""request_type"": ""donor_withdrawal"",
  ""entity_type"": ""donor"",
  ""entity_ids"": [
    ""V32P-DP000340""
  ],
  ""date_cutoff"": null,
  ""requires_human_review"": false,
  ""reason"": ""Donor withdrawal request with explicit donor ID provided.""
}",donor_withdrawal,donor,"[""V32P-DP000340""]",,False,donor_withdrawal,donor,"[""V32P-DP000340""]",,False,True,,whitespace_only,0.6886673748958856,0,succeeded
LLMREQ-030,"I donated the kidney linked to V32P-DP000864, and I want those linked records out of training.",zero_shot,"{
  ""request_type"": ""donor_withdrawal"",
  ""entity_type"": ""donor"",
  ""entity_ids"": [
    ""V32P-DP000864""
  ],
  ""date_cutoff"": null,
  ""requires_human_review"": false,
  ""reason"": ""Donor withdrawal request for specific donor ID V32P-DP000864.""
}",donor_withdrawal,donor,"[""V32P-DP000864""]",,False,donor_withdrawal,donor,"[""V32P-DP000864""]",,False,True,,whitespace_only,0.6997511670924723,0,succeeded
LLMREQ-031,Can you take the training data connected with donor number V32P-DP001469 out of the system?,zero_shot,"{
  ""request_type"": ""donor_withdrawal"",
  ""entity_type"": ""donor"",
  ""entity_ids"": [
    ""V32P-DP001469""
  ],
  ""date_cutoff"": null,
  ""requires_human_review"": false,
  ""reason"": ""Request to remove training data for a specific donor identified by ID V32P-DP001469.""
}",donor_withdrawal,donor,"[""V32P-DP001469""]",,False,donor_withdrawal,donor,"[""V32P-DP001469""]",,False,True,,whitespace_only,0.8840256670955569,0,succeeded
LLMREQ-032,I no longer agree to training use of records tied to me as donor V32P-DP001937.,zero_shot,"{
  ""request_type"": ""donor_withdrawal"",
  ""entity_type"": ""donor"",
  ""entity_ids"": [
    ""V32P-DP001937""
  ],
  ""date_cutoff"": null,
  ""requires_human_review"": false,
  ""reason"": ""Donor withdrawal request identified with explicit donor ID.""
}",donor_withdrawal,donor,"[""V32P-DP001937""]",,False,donor_withdrawal,donor,"[""V32P-DP001937""]",,False,True,,whitespace_only,0.6353640831075609,0,succeeded
LLMREQ-033,Remove all assessments supplied by hospital V32P-H05 from model training.,zero_shot,"{
  ""request_type"": ""unknown"",
  ""entity_type"": ""none"",
  ""entity_ids"": [],
  ""date_cutoff"": null,
  ""requires_human_review"": true,
  ""reason"": ""Unsupported clinical filtering for model training; policy requires specific entity deletion requests.""
}",unknown,none,[],,True,unknown,none,[],,True,True,,whitespace_only,0.5084344998467714,0,succeeded
LLMREQ-034,Hospital V32P-H05 requires provider-wide removal of its records from training.,zero_shot,"{
  ""request_type"": ""hospital_removal"",
  ""entity_type"": ""hospital"",
  ""entity_ids"": [
    ""V32P-H05""
  ],
  ""date_cutoff"": null,
  ""requires_human_review"": false,
  ""reason"": ""Hospital removal request for ID V32P-H05.""
}",hospital_removal,hospital,"[""V32P-H05""]",,False,hospital_removal,hospital,"[""V32P-H05""]",,False,True,,whitespace_only,0.639892082894221,0,succeeded
LLMREQ-035,Process the frozen hospital-removal policy for V32P-H05.,zero_shot,"{
  ""request_type"": ""hospital_removal"",
  ""entity_type"": ""hospital"",
  ""entity_ids"": [
    ""V32P-H05""
  ],
  ""date_cutoff"": null,
  ""requires_human_review"": false,
  ""reason"": ""Hospital removal request for V32P-H05 processed successfully.""
}",hospital_removal,hospital,"[""V32P-H05""]",,False,hospital_removal,hospital,"[""V32P-H05""]",,False,True,,whitespace_only,0.6161278749350458,0,succeeded
LLMREQ-036,Exclude every training assessment belonging to provider V32P-H05.,zero_shot,"{
  ""request_type"": ""unknown"",
  ""entity_type"": ""none"",
  ""entity_ids"": [],
  ""date_cutoff"": null,
  ""requires_human_review"": true,
  ""reason"": ""Unsupported clinical filtering for training assessments; policy requires specific entity types.""
}",unknown,none,[],,True,unknown,none,[],,True,True,,whitespace_only,0.5117715841624886,0,succeeded
LLMREQ-037,Apply complete provider-level training-data removal to hospital V32P-H05.,zero_shot,"{
  ""request_type"": ""hospital_removal"",
  ""entity_type"": ""hospital"",
  ""entity_ids"": [
    ""V32P-H05""
  ],
  ""date_cutoff"": null,
  ""requires_human_review"": false,
  ""reason"": ""Valid hospital removal request with explicit ID.""
}",hospital_removal,hospital,"[""V32P-H05""]",,False,hospital_removal,hospital,"[""V32P-H05""]",,False,True,,whitespace_only,0.5771201660390943,0,succeeded
LLMREQ-038,Stop using records originating from hospital V32P-H05 in the model.,zero_shot,"{
  ""request_type"": ""hospital_removal"",
  ""entity_type"": ""hospital"",
  ""entity_ids"": [
    ""V32P-H05""
  ],
  ""date_cutoff"": null,
  ""requires_human_review"": false,
  ""reason"": ""Request to remove records from hospital V32P-H05.""
}",hospital_removal,hospital,"[""V32P-H05""]",,False,hospital_removal,hospital,"[""V32P-H05""]",,False,True,,whitespace_only,0.6843271250836551,0,succeeded
LLMREQ-039,Remove the entire training contribution of hospital V32P-H05.,zero_shot,"{
  ""request_type"": ""hospital_removal"",
  ""entity_type"": ""hospital"",
  ""entity_ids"": [
    ""V32P-H05""
  ],
  ""date_cutoff"": null,
  ""requires_human_review"": false,
  ""reason"": ""Request to remove hospital V32P-H05 training contribution.""
}",hospital_removal,hospital,"[""V32P-H05""]",,False,hospital_removal,hospital,"[""V32P-H05""]",,False,True,,whitespace_only,0.6094827081542462,0,succeeded
LLMREQ-040,Hospital identifier V32P-H05 has requested withdrawal of all supplied training data.,zero_shot,"{
  ""request_type"": ""hospital_removal"",
  ""entity_type"": ""hospital"",
  ""entity_ids"": [
    ""V32P-H05""
  ],
  ""date_cutoff"": null,
  ""requires_human_review"": false,
  ""reason"": ""Hospital V32P-H05 requested withdrawal of supplied training data.""
}",hospital_removal,hospital,"[""V32P-H05""]",,False,hospital_removal,hospital,"[""V32P-H05""]",,False,True,,whitespace_only,0.6188398750964552,0,succeeded
LLMREQ-041,Delete from training every record whose hospital ID is V32P-H05.,zero_shot,"{
  ""request_type"": ""hospital_removal"",
  ""entity_type"": ""hospital"",
  ""entity_ids"": [
    ""V32P-H05""
  ],
  ""date_cutoff"": null,
  ""requires_human_review"": false,
  ""reason"": ""Request to remove hospital V32P-H05 from training data.""
}",hospital_removal,hospital,"[""V32P-H05""]",,False,hospital_removal,hospital,"[""V32P-H05""]",,False,True,,whitespace_only,0.6646661669947207,0,succeeded
LLMREQ-042,Action a provider-cluster removal for hospital V32P-H05.,zero_shot,"{
  ""request_type"": ""hospital_removal"",
  ""entity_type"": ""hospital"",
  ""entity_ids"": [
    ""V32P-H05""
  ],
  ""date_cutoff"": null,
  ""requires_human_review"": false,
  ""reason"": ""Valid hospital removal request with explicit ID.""
}",hospital_removal,hospital,"[""V32P-H05""]",,False,hospital_removal,hospital,"[""V32P-H05""]",,False,True,,whitespace_only,0.574666750151664,0,succeeded
LLMREQ-043,Exclude the records submitted by V32P-H05 from subsequent model training.,zero_shot,"{
  ""request_type"": ""unknown"",
  ""entity_type"": ""none"",
  ""entity_ids"": [],
  ""date_cutoff"": null,
  ""requires_human_review"": true,
  ""reason"": ""Unsupported clinical filtering for model training exclusion.""
}",unknown,none,[],,True,unknown,none,[],,True,True,,whitespace_only,0.475346416933462,0,succeeded
LLMREQ-044,The data provider V32P-H05 requests removal of its assessment records.,zero_shot,"{
  ""request_type"": ""hospital_removal"",
  ""entity_type"": ""hospital"",
  ""entity_ids"": [
    ""V32P-H05""
  ],
  ""date_cutoff"": null,
  ""requires_human_review"": false,
  ""reason"": ""Hospital removal request identified with explicit provider ID V32P-H05.""
}",hospital_removal,hospital,"[""V32P-H05""]",,False,hospital_removal,hospital,"[""V32P-H05""]",,False,True,,whitespace_only,0.6243741249199957,0,succeeded
LLMREQ-045,Our centre is V32P-H05; please stop training the model on anything we supplied.,zero_shot,"{
  ""request_type"": ""unknown"",
  ""entity_type"": ""none"",
  ""entity_ids"": [],
  ""date_cutoff"": null,
  ""requires_human_review"": true,
  ""reason"": ""Request to stop model training is unsupported; requires human review for policy compliance.""
}",unknown,none,[],,True,unknown,none,[],,True,True,,whitespace_only,0.6192447920329869,0,succeeded
LLMREQ-046,Can you take all of V32P-H05's transplant records out of future training?,zero_shot,"{
  ""request_type"": ""recipient_withdrawal"",
  ""entity_type"": ""recipient"",
  ""entity_ids"": [
    ""V32P-H05""
  ],
  ""date_cutoff"": null,
  ""requires_human_review"": false,
  ""reason"": ""Recipient withdrawal request for ID V32P-H05.""
}",recipient_withdrawal,recipient,"[""V32P-H05""]",,False,unknown,none,[],,True,False,"Required identifiers are missing, unknown, or incompatible",whitespace_only,0.6070087081752717,0,succeeded
LLMREQ-047,We represent hospital V32P-H05 and want our whole contribution removed from training.,zero_shot,"{
  ""request_type"": ""hospital_removal"",
  ""entity_type"": ""hospital"",
  ""entity_ids"": [
    ""V32P-H05""
  ],
  ""date_cutoff"": null,
  ""requires_human_review"": false,
  ""reason"": ""Hospital removal request for V32P-H05.""
}",hospital_removal,hospital,"[""V32P-H05""]",,False,hospital_removal,hospital,"[""V32P-H05""]",,False,True,,whitespace_only,0.6273263751063496,0,succeeded
LLMREQ-048,Nothing from provider V32P-H05 should be used to train the system anymore.,zero_shot,"{
  ""request_type"": ""hospital_removal"",
  ""entity_type"": ""hospital"",
  ""entity_ids"": [
    ""V32P-H05""
  ],
  ""date_cutoff"": null,
  ""requires_human_review"": false,
  ""reason"": ""Request to remove hospital V32P-H05 from training data.""
}",hospital_removal,hospital,"[""V32P-H05""]",,False,hospital_removal,hospital,"[""V32P-H05""]",,False,True,,whitespace_only,0.6239915420301259,0,succeeded
LLMREQ-049,Remove training assessments with consent status Invalidated under version RECIPIENT_V3.,zero_shot,"{
  ""request_type"": ""invalid_consent"",
  ""entity_type"": ""consent_rule"",
  ""entity_ids"": [
    ""Invalidated"",
    ""RECIPIENT_V3""
  ],
  ""date_cutoff"": null,
  ""requires_human_review"": false,
  ""reason"": ""Request matches invalid_consent criteria with specific consent status and version identifiers.""
}",invalid_consent,consent_rule,"[""Invalidated"", ""RECIPIENT_V3""]",,False,invalid_consent,consent_rule,"[""Invalidated"", ""RECIPIENT_V3""]",,False,True,,whitespace_only,0.8658117500599474,0,succeeded
LLMREQ-050,Apply the frozen invalid-consent rule: Invalidated and RECIPIENT_V3.,zero_shot,"{
  ""request_type"": ""invalid_consent"",
  ""entity_type"": ""consent_rule"",
  ""entity_ids"": [
    ""Invalidated"",
    ""RECIPIENT_V3""
  ],
  ""date_cutoff"": null,
  ""requires_human_review"": false,
  ""reason"": ""Request matches invalid_consent rule with specified entity IDs.""
}",invalid_consent,consent_rule,"[""Invalidated"", ""RECIPIENT_V3""]",,False,invalid_consent,consent_rule,"[""Invalidated"", ""RECIPIENT_V3""]",,False,True,,whitespace_only,0.6349377501755953,0,succeeded
LLMREQ-051,Exclude records marked Invalidated for training consent version RECIPIENT_V3.,zero_shot,"{
  ""request_type"": ""invalid_consent"",
  ""entity_type"": ""consent_rule"",
  ""entity_ids"": [
    ""Invalidated"",
    ""RECIPIENT_V3""
  ],
  ""date_cutoff"": null,
  ""requires_human_review"": false,
  ""reason"": ""Request matches invalid_consent criteria with specific Invalidated and RECIPIENT_V3 identifiers.""
}",invalid_consent,consent_rule,"[""Invalidated"", ""RECIPIENT_V3""]",,False,invalid_consent,consent_rule,"[""Invalidated"", ""RECIPIENT_V3""]",,False,True,,whitespace_only,0.6829219169449061,0,succeeded
LLMREQ-052,Process all assessments where training consent is Invalidated and the version is RECIPIENT_V3.,zero_shot,"{
  ""request_type"": ""invalid_consent"",
  ""entity_type"": ""consent_rule"",
  ""entity_ids"": [
    ""Invalidated"",
    ""RECIPIENT_V3""
  ],
  ""date_cutoff"": null,
  ""requires_human_review"": false,
  ""reason"": ""Request matches invalid_consent criteria with specific consent identifiers.""
}",invalid_consent,consent_rule,"[""Invalidated"", ""RECIPIENT_V3""]",,False,invalid_consent,consent_rule,"[""Invalidated"", ""RECIPIENT_V3""]",,False,True,,whitespace_only,0.6660606251098216,0,succeeded
LLMREQ-053,The audit requires removal of Invalidated consent records under RECIPIENT_V3.,zero_shot,"{
  ""request_type"": ""invalid_consent"",
  ""entity_type"": ""consent_rule"",
  ""entity_ids"": [
    ""Invalidated"",
    ""RECIPIENT_V3""
  ],
  ""date_cutoff"": null,
  ""requires_human_review"": false,
  ""reason"": ""Request matches invalid_consent criteria with specific consent rule identifiers.""
}",invalid_consent,consent_rule,"[""Invalidated"", ""RECIPIENT_V3""]",,False,invalid_consent,consent_rule,"[""Invalidated"", ""RECIPIENT_V3""]",,False,True,,whitespace_only,0.653321041027084,0,succeeded
LLMREQ-054,Stop using records carrying Invalidated status with consent version RECIPIENT_V3.,zero_shot,"{
  ""request_type"": ""invalid_consent"",
  ""entity_type"": ""consent_rule"",
  ""entity_ids"": [
    ""Invalidated"",
    ""RECIPIENT_V3""
  ],
  ""date_cutoff"": null,
  ""requires_human_review"": false,
  ""reason"": ""Request matches invalid_consent criteria with explicit Invalidated and RECIPIENT_V3 identifiers.""
}",invalid_consent,consent_rule,"[""Invalidated"", ""RECIPIENT_V3""]",,False,invalid_consent,consent_rule,"[""Invalidated"", ""RECIPIENT_V3""]",,False,True,,whitespace_only,0.6864831659477204,0,succeeded
LLMREQ-055,Remove the training scope defined by Invalidated plus RECIPIENT_V3.,zero_shot,"{
  ""request_type"": ""invalid_consent"",
  ""entity_type"": ""consent_rule"",
  ""entity_ids"": [
    ""Invalidated"",
    ""RECIPIENT_V3""
  ],
  ""date_cutoff"": null,
  ""requires_human_review"": false,
  ""reason"": ""Request matches invalid_consent criteria with specified consent rule identifiers.""
}",invalid_consent,consent_rule,"[""Invalidated"", ""RECIPIENT_V3""]",,False,invalid_consent,consent_rule,"[""Invalidated"", ""RECIPIENT_V3""]",,False,True,,whitespace_only,0.6522370418533683,0,succeeded
LLMREQ-056,"Apply consent-audit removal to status Invalidated, version RECIPIENT_V3.",zero_shot,"{
  ""request_type"": ""invalid_consent"",
  ""entity_type"": ""consent_rule"",
  ""entity_ids"": [
    ""Invalidated"",
    ""RECIPIENT_V3""
  ],
  ""date_cutoff"": null,
  ""requires_human_review"": false,
  ""reason"": ""Explicit invalid_consent request with required literal arguments for consent_rule entity.""
}",invalid_consent,consent_rule,"[""Invalidated"", ""RECIPIENT_V3""]",,False,invalid_consent,consent_rule,"[""Invalidated"", ""RECIPIENT_V3""]",,False,True,,whitespace_only,0.82560387509875,0,succeeded
LLMREQ-057,Exclude assessment rows whose training consent is Invalidated under RECIPIENT_V3.,zero_shot,"{
  ""request_type"": ""invalid_consent"",
  ""entity_type"": ""consent_rule"",
  ""entity_ids"": [
    ""Invalidated"",
    ""RECIPIENT_V3""
  ],
  ""date_cutoff"": null,
  ""requires_human_review"": false,
  ""reason"": ""Request matches invalid_consent criteria with specific consent identifiers.""
}",invalid_consent,consent_rule,"[""Invalidated"", ""RECIPIENT_V3""]",,False,invalid_consent,consent_rule,"[""Invalidated"", ""RECIPIENT_V3""]",,False,True,,whitespace_only,0.6449044998735189,0,succeeded
LLMREQ-058,Action the established consent rule for Invalidated / RECIPIENT_V3.,zero_shot,"{
  ""request_type"": ""invalid_consent"",
  ""entity_type"": ""consent_rule"",
  ""entity_ids"": [
    ""Invalidated"",
    ""RECIPIENT_V3""
  ],
  ""date_cutoff"": null,
  ""requires_human_review"": false,
  ""reason"": ""Actioning established consent rule for Invalidated / RECIPIENT_V3.""
}",invalid_consent,consent_rule,"[""Invalidated"", ""RECIPIENT_V3""]",,False,invalid_consent,consent_rule,"[""Invalidated"", ""RECIPIENT_V3""]",,False,True,,whitespace_only,0.7828055832069367,0,succeeded
LLMREQ-059,Delete from training records labelled Invalidated at RECIPIENT_V3.,zero_shot,"{
  ""request_type"": ""invalid_consent"",
  ""entity_type"": ""consent_rule"",
  ""entity_ids"": [
    ""Invalidated"",
    ""RECIPIENT_V3""
  ],
  ""date_cutoff"": null,
  ""requires_human_review"": false,
  ""reason"": ""Request matches invalid_consent pattern with specific identifiers.""
}",invalid_consent,consent_rule,"[""Invalidated"", ""RECIPIENT_V3""]",,False,invalid_consent,consent_rule,"[""Invalidated"", ""RECIPIENT_V3""]",,False,True,,whitespace_only,0.626982833025977,0,succeeded
LLMREQ-060,Use the fixed audit policy to remove Invalidated RECIPIENT_V3 assessments.,zero_shot,"{
  ""request_type"": ""invalid_consent"",
  ""entity_type"": ""consent_rule"",
  ""entity_ids"": [
    ""Invalidated"",
    ""RECIPIENT_V3""
  ],
  ""date_cutoff"": null,
  ""requires_human_review"": false,
  ""reason"": ""Request matches invalid_consent criteria with specific identifiers.""
}",invalid_consent,consent_rule,"[""Invalidated"", ""RECIPIENT_V3""]",,False,invalid_consent,consent_rule,"[""Invalidated"", ""RECIPIENT_V3""]",,False,True,,whitespace_only,0.6564054589252919,0,succeeded
LLMREQ-061,The consent audit says Invalidated for RECIPIENT_V3; those rows can't stay in training.,zero_shot,"{
  ""request_type"": ""invalid_consent"",
  ""entity_type"": ""consent_rule"",
  ""entity_ids"": [
    ""Invalidated"",
    ""RECIPIENT_V3""
  ],
  ""date_cutoff"": null,
  ""requires_human_review"": false,
  ""reason"": ""Invalid consent rule detected for RECIPIENT_V3 requiring removal.""
}",invalid_consent,consent_rule,"[""Invalidated"", ""RECIPIENT_V3""]",,False,invalid_consent,consent_rule,"[""Invalidated"", ""RECIPIENT_V3""]",,False,True,,whitespace_only,0.7474665420595556,0,succeeded
LLMREQ-062,Please take out anything marked Invalidated on the RECIPIENT_V3 consent version.,zero_shot,"{
  ""request_type"": ""invalid_consent"",
  ""entity_type"": ""consent_rule"",
  ""entity_ids"": [
    ""Invalidated"",
    ""RECIPIENT_V3""
  ],
  ""date_cutoff"": null,
  ""requires_human_review"": false,
  ""reason"": ""Request matches invalid_consent criteria with specific consent identifiers.""
}",invalid_consent,consent_rule,"[""Invalidated"", ""RECIPIENT_V3""]",,False,invalid_consent,consent_rule,"[""Invalidated"", ""RECIPIENT_V3""]",,False,True,,whitespace_only,0.6357344170100987,0,succeeded
LLMREQ-063,Can you remove the training records with RECIPIENT_V3 that now say Invalidated?,zero_shot,"{
  ""request_type"": ""invalid_consent"",
  ""entity_type"": ""consent_rule"",
  ""entity_ids"": [
    ""Invalidated"",
    ""RECIPIENT_V3""
  ],
  ""date_cutoff"": null,
  ""requires_human_review"": false,
  ""reason"": ""Request matches invalid_consent pattern with specific identifiers.""
}",invalid_consent,consent_rule,"[""Invalidated"", ""RECIPIENT_V3""]",,False,invalid_consent,consent_rule,"[""Invalidated"", ""RECIPIENT_V3""]",,False,True,,whitespace_only,0.6275519160553813,0,succeeded
LLMREQ-064,Anything under RECIPIENT_V3 with an Invalidated status needs to come out of training.,zero_shot,"{
  ""request_type"": ""invalid_consent"",
  ""entity_type"": ""consent_rule"",
  ""entity_ids"": [
    ""Invalidated"",
    ""RECIPIENT_V3""
  ],
  ""date_cutoff"": null,
  ""requires_human_review"": false,
  ""reason"": ""Request matches invalid_consent pattern with specific entity IDs and status.""
}",invalid_consent,consent_rule,"[""Invalidated"", ""RECIPIENT_V3""]",,False,invalid_consent,consent_rule,"[""Invalidated"", ""RECIPIENT_V3""]",,False,True,,whitespace_only,0.6435602090787143,0,succeeded
LLMREQ-065,Remove assessments whose retention expiry date is on or before 2025-12-31.,zero_shot,"{
  ""request_type"": ""unknown"",
  ""entity_type"": ""none"",
  ""entity_ids"": [],
  ""date_cutoff"": null,
  ""requires_human_review"": true,
  ""reason"": ""Unsupported clinical filtering on assessments; policy requires specific entity IDs or rules.""
}",unknown,none,[],,True,unknown,none,[],,True,True,,whitespace_only,0.5498838750645518,0,succeeded
LLMREQ-066,Apply the frozen retention cutoff of 2025-12-31 to training records.,zero_shot,"{
  ""request_type"": ""retention_expiry"",
  ""entity_type"": ""retention_rule"",
  ""entity_ids"": [],
  ""date_cutoff"": ""2025-12-31"",
  ""requires_human_review"": false,
  ""reason"": ""Request matches retention_expiry policy with specified cutoff date and empty entity list.""
}",retention_expiry,retention_rule,[],2025-12-31,False,retention_expiry,retention_rule,[],2025-12-31,False,True,,whitespace_only,0.6716051250696182,0,succeeded
LLMREQ-067,Exclude records with retention_expiry_date <= 2025-12-31.,zero_shot,"{
  ""request_type"": ""retention_expiry"",
  ""entity_type"": ""retention_rule"",
  ""entity_ids"": [],
  ""date_cutoff"": ""2025-12-31"",
  ""requires_human_review"": false,
  ""reason"": ""Request matches retention expiry policy with specified cutoff date.""
}",retention_expiry,retention_rule,[],2025-12-31,False,retention_expiry,retention_rule,[],2025-12-31,False,True,,whitespace_only,0.5741205420345068,0,succeeded
LLMREQ-068,Process retention-based removal through 2025-12-31 inclusive.,zero_shot,"{
  ""request_type"": ""retention_expiry"",
  ""entity_type"": ""retention_rule"",
  ""entity_ids"": [],
  ""date_cutoff"": ""2025-12-31"",
  ""requires_human_review"": false,
  ""reason"": ""Valid retention expiry request with specified cutoff date and no specific entity IDs.""
}",retention_expiry,retention_rule,[],2025-12-31,False,retention_expiry,retention_rule,[],2025-12-31,False,True,,whitespace_only,0.5985987079329789,0,succeeded
LLMREQ-069,Remove training assessments that expired for retention by 2025-12-31.,zero_shot,"{
  ""request_type"": ""unknown"",
  ""entity_type"": ""none"",
  ""entity_ids"": [],
  ""date_cutoff"": null,
  ""requires_human_review"": true,
  ""reason"": ""Unsupported clinical filtering for training assessments; policy requires specific entity types.""
}",unknown,none,[],,True,unknown,none,[],,True,True,,whitespace_only,0.6063640830107033,0,succeeded
LLMREQ-070,Apply the time-based deletion rule using cutoff 2025-12-31.,zero_shot,"{
  ""request_type"": ""retention_expiry"",
  ""entity_type"": ""retention_rule"",
  ""entity_ids"": [],
  ""date_cutoff"": ""2025-12-31"",
  ""requires_human_review"": false,
  ""reason"": ""Time-based deletion rule applied with specified cutoff date.""
}",retention_expiry,retention_rule,[],2025-12-31,False,retention_expiry,retention_rule,[],2025-12-31,False,True,,whitespace_only,0.6166217918507755,0,succeeded
LLMREQ-071,Stop using records whose retention period ended on or before 2025-12-31.,zero_shot,"{
  ""request_type"": ""retention_expiry"",
  ""entity_type"": ""retention_rule"",
  ""entity_ids"": [],
  ""date_cutoff"": ""2025-12-31"",
  ""requires_human_review"": false,
  ""reason"": ""Request matches retention_expiry criteria with specified cutoff date.""
}",retention_expiry,retention_rule,[],2025-12-31,False,retention_expiry,retention_rule,[],2025-12-31,False,True,,whitespace_only,0.5745343330781907,0,succeeded
LLMREQ-072,Delete the training scope covered by retention deadline 2025-12-31.,zero_shot,"{
  ""request_type"": ""retention_expiry"",
  ""entity_type"": ""retention_rule"",
  ""entity_ids"": [],
  ""date_cutoff"": ""2025-12-31"",
  ""requires_human_review"": false,
  ""reason"": ""Request matches retention_expiry criteria with specified cutoff date and empty entity list.""
}",retention_expiry,retention_rule,[],2025-12-31,False,retention_expiry,retention_rule,[],2025-12-31,False,True,,whitespace_only,0.7499683331698179,0,succeeded
LLMREQ-073,Action expiry-based removal with the inclusive date 2025-12-31.,zero_shot,"{
  ""request_type"": ""retention_expiry"",
  ""entity_type"": ""retention_rule"",
  ""entity_ids"": [],
  ""date_cutoff"": ""2025-12-31"",
  ""requires_human_review"": false,
  ""reason"": ""Expiry-based removal request with cutoff 2025-12-31 matches retention_rule policy.""
}",retention_expiry,retention_rule,[],2025-12-31,False,retention_expiry,retention_rule,[],2025-12-31,False,True,,whitespace_only,0.6559932080563158,0,succeeded
LLMREQ-074,Exclude assessment rows at or before retention cutoff 2025-12-31.,zero_shot,"{
  ""request_type"": ""retention_expiry"",
  ""entity_type"": ""retention_rule"",
  ""entity_ids"": [],
  ""date_cutoff"": ""2025-12-31"",
  ""requires_human_review"": false,
  ""reason"": ""Request matches retention_expiry criteria with cutoff 2025-12-31.""
}",retention_expiry,retention_rule,[],2025-12-31,False,retention_expiry,retention_rule,[],2025-12-31,False,True,,whitespace_only,0.6300897498149425,0,succeeded
LLMREQ-075,Use 2025-12-31 as the fixed retention-expiry deletion cutoff.,zero_shot,"{
  ""request_type"": ""retention_expiry"",
  ""entity_type"": ""retention_rule"",
  ""entity_ids"": [],
  ""date_cutoff"": ""2025-12-31"",
  ""requires_human_review"": false,
  ""reason"": ""Explicit retention expiry request with fixed cutoff date and no specific entity IDs.""
}",retention_expiry,retention_rule,[],2025-12-31,False,retention_expiry,retention_rule,[],2025-12-31,False,True,,whitespace_only,0.6007054171059281,0,succeeded
LLMREQ-076,Remove all model-training records expired by 2025-12-31.,zero_shot,"{
  ""request_type"": ""unknown"",
  ""entity_type"": ""none"",
  ""entity_ids"": [],
  ""date_cutoff"": null,
  ""requires_human_review"": true,
  ""reason"": ""Unsupported clinical filtering for model-training records; requires human review.""
}",unknown,none,[],,True,unknown,none,[],,True,True,,whitespace_only,0.4989535838831216,0,succeeded
LLMREQ-077,Anything whose keeping period ran out by 2025-12-31 should come out of training.,zero_shot,"{
  ""request_type"": ""retention_expiry"",
  ""entity_type"": ""retention_rule"",
  ""entity_ids"": [],
  ""date_cutoff"": ""2025-12-31"",
  ""requires_human_review"": false,
  ""reason"": ""Request matches retention expiry criteria with specified cutoff date and empty entity list.""
}",retention_expiry,retention_rule,[],2025-12-31,False,retention_expiry,retention_rule,[],2025-12-31,False,True,,whitespace_only,0.7746120828669518,0,succeeded
LLMREQ-078,Can you clear training records that reached their retention end date by 2025-12-31?,zero_shot,"{
  ""request_type"": ""unknown"",
  ""entity_type"": ""none"",
  ""entity_ids"": [],
  ""date_cutoff"": null,
  ""requires_human_review"": true,
  ""reason"": ""Request concerns training records, which are not supported entities in the synthetic kidney-transplant data schema.""
}",unknown,none,[],,True,unknown,none,[],,True,True,,whitespace_only,0.6069629169069231,0,succeeded
LLMREQ-079,Please take out the assessments we were only allowed to keep through 2025-12-31.,zero_shot,"{
  ""request_type"": ""retention_expiry"",
  ""entity_type"": ""retention_rule"",
  ""entity_ids"": [],
  ""date_cutoff"": ""2025-12-31"",
  ""requires_human_review"": false,
  ""reason"": ""Request matches retention expiry criteria with specified cutoff date and no specific entity IDs.""
}",retention_expiry,retention_rule,[],2025-12-31,False,retention_expiry,retention_rule,[],2025-12-31,False,True,,whitespace_only,0.624165833927691,0,succeeded
LLMREQ-080,Records expired on or before 2025-12-31 shouldn't be used for training anymore.,zero_shot,"{
  ""request_type"": ""retention_expiry"",
  ""entity_type"": ""retention_rule"",
  ""entity_ids"": [],
  ""date_cutoff"": ""2025-12-31"",
  ""requires_human_review"": false,
  ""reason"": ""Request matches retention expiry policy with specified cutoff date and no specific entity IDs.""
}",retention_expiry,retention_rule,[],2025-12-31,False,retention_expiry,retention_rule,[],2025-12-31,False,True,,whitespace_only,0.7722550421021879,0,succeeded
LLMREQ-081,Please remove my old records.,zero_shot,"{
  ""request_type"": ""unknown"",
  ""entity_type"": ""none"",
  ""entity_ids"": [],
  ""date_cutoff"": null,
  ""requires_human_review"": true,
  ""reason"": ""Request lacks specific identifiers, entity type, or valid policy criteria for automated processing.""
}",unknown,none,[],,True,unknown,none,[],,True,True,,whitespace_only,0.5216477499343455,0,succeeded
LLMREQ-082,I withdraw permission.,zero_shot,"{
  ""request_type"": ""unknown"",
  ""entity_type"": ""none"",
  ""entity_ids"": [],
  ""date_cutoff"": null,
  ""requires_human_review"": true,
  ""reason"": ""Missing specific entity identifiers and context to determine the exact withdrawal type.""
}",unknown,none,[],,True,unknown,none,[],,True,True,,whitespace_only,0.6413636251818389,0,succeeded
LLMREQ-083,Can you delete the transplant information?,zero_shot,"{
  ""request_type"": ""unknown"",
  ""entity_type"": ""none"",
  ""entity_ids"": [],
  ""date_cutoff"": null,
  ""requires_human_review"": true,
  ""reason"": ""Request is ambiguous and lacks specific identifiers or policy conditions required for processing.""
}",unknown,none,[],,True,unknown,none,[],,True,True,,whitespace_only,0.5093962079845369,0,succeeded
LLMREQ-084,My data should not be there anymore.,zero_shot,"{
  ""request_type"": ""unknown"",
  ""entity_type"": ""none"",
  ""entity_ids"": [],
  ""date_cutoff"": null,
  ""requires_human_review"": true,
  ""reason"": ""Request is ambiguous and lacks specific identifiers or policy details required for processing.""
}",unknown,none,[],,True,unknown,none,[],,True,True,,whitespace_only,0.611569874919951,0,succeeded
LLMREQ-085,Please deal with the records from my hospital.,zero_shot,"{
  ""request_type"": ""unknown"",
  ""entity_type"": ""none"",
  ""entity_ids"": [],
  ""date_cutoff"": null,
  ""requires_human_review"": true,
  ""reason"": ""Missing explicit hospital ID required for hospital_removal request.""
}",unknown,none,[],,True,unknown,none,[],,True,True,,whitespace_only,0.49908895790576935,0,succeeded
LLMREQ-086,Remove what has expired.,zero_shot,"{
  ""request_type"": ""unknown"",
  ""entity_type"": ""none"",
  ""entity_ids"": [],
  ""date_cutoff"": null,
  ""requires_human_review"": true,
  ""reason"": ""Ambiguous request lacking specific identifiers or explicit retention rule parameters.""
}",unknown,none,[],,True,unknown,none,[],,True,True,,whitespace_only,0.5028117909096181,0,succeeded
LLMREQ-087,I need some donor information taken out.,zero_shot,"{
  ""request_type"": ""unknown"",
  ""entity_type"": ""none"",
  ""entity_ids"": [],
  ""date_cutoff"": null,
  ""requires_human_review"": true,
  ""reason"": ""Missing specific donor ID required for deletion request.""
}",unknown,none,[],,True,unknown,none,[],,True,True,,whitespace_only,0.4859687499701977,0,succeeded
LLMREQ-088,Please stop using my assessments.,zero_shot,"{
  ""request_type"": ""unknown"",
  ""entity_type"": ""none"",
  ""entity_ids"": [],
  ""date_cutoff"": null,
  ""requires_human_review"": true,
  ""reason"": ""Request lacks specific entity IDs or explicit policy keywords required for automated processing.""
}",unknown,none,[],,True,unknown,none,[],,True,True,,whitespace_only,0.5173569170292467,0,succeeded
LLMREQ-089,The consent entry is wrong; remove it.,zero_shot,"{
  ""request_type"": ""unknown"",
  ""entity_type"": ""none"",
  ""entity_ids"": [],
  ""date_cutoff"": null,
  ""requires_human_review"": true,
  ""reason"": ""Ambiguous request lacking specific entity IDs or explicit invalidation arguments required for processing.""
}",unknown,none,[],,True,unknown,none,[],,True,True,,whitespace_only,0.5201642499305308,0,succeeded
LLMREQ-090,Can someone review my deletion request?,zero_shot,"{
  ""request_type"": ""unknown"",
  ""entity_type"": ""none"",
  ""entity_ids"": [],
  ""date_cutoff"": null,
  ""requires_human_review"": true,
  ""reason"": ""Request is ambiguous and lacks specific identifiers or deletion criteria.""
}",unknown,none,[],,True,unknown,none,[],,True,True,,whitespace_only,0.4973787080962211,0,succeeded
LLMREQ-091,Remove every patient whose creatinine is above 2.0.,zero_shot,"{
  ""request_type"": ""unknown"",
  ""entity_type"": ""none"",
  ""entity_ids"": [],
  ""date_cutoff"": null,
  ""requires_human_review"": true,
  ""reason"": ""Unsupported clinical filtering based on creatinine levels; requires human review.""
}",unknown,none,[],,True,unknown,none,[],,True,True,,whitespace_only,0.5060437079519033,0,succeeded
LLMREQ-092,Delete records for recipients with low medication adherence.,zero_shot,"{
  ""request_type"": ""unknown"",
  ""entity_type"": ""none"",
  ""entity_ids"": [],
  ""date_cutoff"": null,
  ""requires_human_review"": true,
  ""reason"": ""Unsupported clinical filtering for medication adherence; requires human review.""
}",unknown,none,[],,True,unknown,none,[],,True,True,,whitespace_only,0.4884229579474777,0,succeeded
LLMREQ-093,Forget all assessments showing an infection.,zero_shot,"{
  ""request_type"": ""unknown"",
  ""entity_type"": ""none"",
  ""entity_ids"": [],
  ""date_cutoff"": null,
  ""requires_human_review"": true,
  ""reason"": ""Unsupported clinical filtering requested; policy requires specific entity IDs or rules.""
}",unknown,none,[],,True,unknown,none,[],,True,True,,whitespace_only,0.5049837920814753,0,succeeded
LLMREQ-094,Remove records based on recipient ethnicity.,zero_shot,"{
  ""request_type"": ""unknown"",
  ""entity_type"": ""none"",
  ""entity_ids"": [],
  ""date_cutoff"": null,
  ""requires_human_review"": true,
  ""reason"": ""Unsupported clinical filtering based on ethnicity is not allowed.""
}",unknown,none,[],,True,unknown,none,[],,True,True,,whitespace_only,0.498305874876678,0,succeeded
LLMREQ-095,Delete everyone older than 60 from training.,zero_shot,"{
  ""request_type"": ""unknown"",
  ""entity_type"": ""none"",
  ""entity_ids"": [],
  ""date_cutoff"": null,
  ""requires_human_review"": true,
  ""reason"": ""Unsupported clinical filtering based on age; requires human review.""
}",unknown,none,[],,True,unknown,none,[],,True,True,,whitespace_only,0.5201931251212955,0,succeeded
LLMREQ-096,Forget all cases with a previous rejection.,zero_shot,"{
  ""request_type"": ""unknown"",
  ""entity_type"": ""none"",
  ""entity_ids"": [],
  ""date_cutoff"": null,
  ""requires_human_review"": true,
  ""reason"": ""Unsupported clinical filtering logic; requires human review for policy compliance.""
}",unknown,none,[],,True,unknown,none,[],,True,True,,whitespace_only,0.5180595840793103,0,succeeded
LLMREQ-097,Remove all deceased-donor transplants.,zero_shot,"{
  ""request_type"": ""unknown"",
  ""entity_type"": ""none"",
  ""entity_ids"": [],
  ""date_cutoff"": null,
  ""requires_human_review"": true,
  ""reason"": ""Unsupported clinical filtering requested; policy requires specific entity IDs or explicit rules.""
}",unknown,none,[],,True,unknown,none,[],,True,True,,whitespace_only,0.5609230829868466,0,succeeded
LLMREQ-098,Delete records with high antibody risk scores.,zero_shot,"{
  ""request_type"": ""unknown"",
  ""entity_type"": ""none"",
  ""entity_ids"": [],
  ""date_cutoff"": null,
  ""requires_human_review"": true,
  ""reason"": ""Unsupported clinical filtering requested; requires human review for policy compliance.""
}",unknown,none,[],,True,unknown,none,[],,True,True,,whitespace_only,0.6170641661155969,0,succeeded
LLMREQ-099,Forget assessments from patients with poor urine output.,zero_shot,"{
  ""request_type"": ""unknown"",
  ""entity_type"": ""none"",
  ""entity_ids"": [],
  ""date_cutoff"": null,
  ""requires_human_review"": true,
  ""reason"": ""Unsupported clinical filtering based on patient condition; requires human review.""
}",unknown,none,[],,True,unknown,none,[],,True,True,,whitespace_only,0.49688454205170274,0,succeeded
LLMREQ-100,Remove every record where the prediction target is positive.,zero_shot,"{
  ""request_type"": ""unknown"",
  ""entity_type"": ""none"",
  ""entity_ids"": [],
  ""date_cutoff"": null,
  ""requires_human_review"": true,
  ""reason"": ""Unsupported clinical filtering requested; policy does not allow deletion based on prediction targets.""
}",unknown,none,[],,True,unknown,none,[],,True,True,,whitespace_only,0.61855529085733,0,succeeded
